Name,Platform,Year_of_Release,Genre,Publisher,NA_Sales,EU_Sales,JP_Sales,Other_Sales,Global_Sales,Critic_Score,Critic_Count,User_Score,User_Count,Developer,Rating,Adjusted_User_score
Call of Duty: Black Ops 3,PS4,2015,Shooter,Activision,6.03,5.86,0.36,2.38,14.63,,,,,,, 
Grand Theft Auto V,PS4,2014,Action,Take-Two Interactive,3.96,6.31,0.38,1.97,12.61,97,66,8.3,2899,Rockstar North,M,83
FIFA 16,PS4,2015,Sports,Electronic Arts,1.12,6.12,0.06,1.28,8.57,82,42,4.3,896,EA Sports,E,43
Star Wars Battlefront (2015),PS4,2015,Shooter,Electronic Arts,2.99,3.49,0.22,1.28,7.98,,,,,,, 
Call of Duty: Advanced Warfare,PS4,2014,Shooter,Activision,2.81,3.48,0.14,1.23,7.66,83,39,5.7,1443,Sledgehammer Games,M,57
FIFA 17,PS4,2016,Sports,Electronic Arts,0.66,5.75,0.08,1.11,7.59,85,41,5,398,"EA Sports, EA Vancouver",E,50
Call of Duty: Black Ops 3,Xbox One,2015,Shooter,Activision,4.59,2.11,0.01,0.68,7.39,,,,,,, 
Fallout 4,PS4,2015,Role-Playing,Bethesda Softworks,2.53,3.27,0.24,1.13,7.16,87,58,6.5,4228,Bethesda Game Studios,M,65
Mario Kart 8,WiiU,2014,Racing,Nintendo,3.15,2.15,1.28,0.51,7.09,88,82,9.1,1599,Nintendo,E,91
FIFA 15,PS4,2014,Sports,Electronic Arts,0.8,4.33,0.05,0.9,6.08,82,47,5.7,988,EA Sports,E,57
Destiny,PS4,2014,Shooter,Activision,2.49,2.07,0.16,0.92,5.64,76,95,6.1,5380,"Bungie Software, Bungie",T,61
Grand Theft Auto V,Xbox One,2014,Action,Take-Two Interactive,2.81,2.19,0,0.47,5.48,97,14,7.9,764,Rockstar North,M,79
Uncharted 4: A Thief's End,PS4,2016,Shooter,Sony Computer Entertainment,1.85,2.5,0.19,0.85,5.38,93,113,7.9,7064,Naughty Dog,T,79
Call of Duty: Advanced Warfare,Xbox One,2014,Shooter,Activision,3.22,1.55,0.01,0.48,5.27,81,53,5.4,898,Sledgehammer Games,M,54
New Super Mario Bros. U,WiiU,2012,Platform,Nintendo,2.3,1.34,1.27,0.32,5.22,84,70,8.1,733,Nintendo,E,81
Super Smash Bros. for Wii U and 3DS,WiiU,2014,Fighting,Nintendo,2.6,1.08,0.81,0.38,4.87,,,,,,, 
The Last of Us,PS4,2014,Action,Sony Computer Entertainment,1.88,2,0.07,0.77,4.71,,,,,,, 
Uncharted: The Nathan Drake Collection,PS4,2015,Action,Sony Computer Entertainment,2.07,1.71,0.08,0.76,4.62,86,78,8.1,1264,Bluepoint Games,T,81
Halo 5: Guardians,Xbox One,2015,Shooter,Microsoft Game Studios,2.78,1.27,0.03,0.41,4.48,84,101,6.4,2438,343 Industries,T,64
Call of Duty: Infinite Warfare,PS4,2016,Shooter,Activision,1.61,2,0.15,0.71,4.46,77,82,3.4,1129,Infinity Ward,M,34
Splatoon,WiiU,2015,Shooter,Nintendo,1.54,1.18,1.46,0.26,4.43,81,88,8.5,1184,Nintendo,E10+,85
Nintendo Land,WiiU,2012,Misc,Nintendo,2.52,1.11,0.46,0.33,4.42,77,61,7.9,471,Nintendo,E10+,79
Super Mario 3D World,WiiU,2013,Platform,Nintendo,2.11,1.16,0.73,0.32,4.32,93,83,9,1607,Nintendo,E,90
Minecraft,PS4,2014,Misc,Sony Computer Entertainment Europe,1.48,2.02,0.14,0.68,4.32,,,,,,, 
Fallout 4,Xbox One,2015,Role-Playing,Bethesda Softworks,2.51,1.32,0.01,0.38,4.22,88,39,6.2,1749,Bethesda Game Studios,M,62
Battlefield 1,PS4,2016,Shooter,Electronic Arts,1.1,2.15,0.21,0.61,4.08,88,31,8.4,809,EA DICE,M,84
Watch Dogs,PS4,2014,Action,Ubisoft,1.4,1.9,0.11,0.64,4.05,80,80,6.3,2996,Ubisoft Montreal,M,63
Far Cry 4,PS4,2014,Shooter,Ubisoft,1.13,2.18,0.1,0.63,4.04,85,83,7.7,1653,Ubisoft Montreal,M,77
The Witcher 3: Wild Hunt,PS4,2015,Role-Playing,Namco Bandai Games,1.02,2.13,0.23,0.59,3.97,92,79,9.2,10179,CD Projekt Red Studio,M,92
Assassin's Creed: Unity,PS4,2014,Action,Ubisoft,1.19,2.07,0.08,0.62,3.96,70,40,4.9,2050,"Ubisoft, Ubisoft Montreal",M,49
Batman: Arkham Knight,PS4,2015,Action,Warner Bros. Interactive Entertainment,1.53,1.69,0.1,0.64,3.95,87,89,7.6,2679,Rocksteady Studios,M,76
NBA 2K16,PS4,2015,Sports,Take-Two Interactive,2.49,0.66,0.03,0.69,3.88,87,51,6.7,364,Visual Concepts,E10+,67
Call of Duty: Ghosts,PS4,2013,Shooter,Activision,1.78,1.43,0.05,0.57,3.83,78,49,3.7,1564,Infinity Ward,M,37
Tom Clancy's The Division,PS4,2016,Shooter,Ubisoft,1.35,1.7,0.15,0.6,3.8,80,64,7,2219,Massive Entertainment,M,70
Star Wars Battlefront (2015),Xbox One,2015,Shooter,Electronic Arts,2.04,1.28,0.02,0.32,3.66,,,,,,, 
Battlefield 4,PS4,2013,Shooter,Electronic Arts,1.35,1.55,0.17,0.51,3.59,85,18,6.9,1580,EA DICE,M,69
Assassin's Creed: Unity,Xbox One,2014,Action,Ubisoft,2.27,0.9,0,0.33,3.5,72,59,4.1,1005,"Ubisoft, Ubisoft Montreal",M,41
Metal Gear Solid V: The Phantom Pain,PS4,2015,Action,Konami Digital Entertainment,1.09,1.36,0.49,0.48,3.41,93,86,8.2,3943,"Kojima Productions, Moby Dick Studio",M,82
Assassin's Creed Syndicate,PS4,2015,Action,Ubisoft,0.81,1.99,0.07,0.52,3.39,76,86,6.8,1319,Ubisoft Quebec,M,68
Destiny,Xbox One,2014,Shooter,Activision,2.14,0.92,0,0.31,3.37,75,11,5.5,1735,"Bungie Software, Bungie",T,55
Gears of War: Ultimate Edition,Xbox One,2015,Shooter,Microsoft Game Studios,2.61,0.33,0,0.34,3.28,82,74,7.5,563,"Splash Damage, The Coalition",M,75
FIFA 16,Xbox One,2015,Sports,Electronic Arts,0.89,2.12,0,0.24,3.25,84,45,4.4,459,EA Sports,E,44
Madden NFL 16,PS4,2015,Sports,Electronic Arts,2.34,0.3,0,0.6,3.24,83,37,5.9,180,EA Sports,E,59
Halo: The Master Chief Collection,Xbox One,2014,Shooter,Microsoft Game Studios,1.91,1,0.03,0.29,3.23,85,69,7.2,1267,343 Industries,M,72
Super Mario Maker,WiiU,2015,Platform,Nintendo,1.18,0.89,0.94,0.2,3.21,88,85,8.7,691,Nintendo,E,87
FIFA 14,PS4,2013,Sports,Electronic Arts,0.61,1.85,0.11,0.44,3.01,87,26,6.3,616,EA Canada,E,63
Middle-Earth: Shadow of Mordor,PS4,2014,Action,Warner Bros. Interactive Entertainment,1.01,1.43,0.05,0.47,2.96,84,85,8.1,1886,Monolith Productions,M,81
Titanfall,Xbox One,2014,Shooter,Electronic Arts,1.84,0.8,0.04,0.27,2.95,86,68,6.4,2658,Respawn Entertainment,M,64
Call of Duty: Ghosts,Xbox One,2013,Shooter,Activision,1.88,0.77,0,0.27,2.92,78,7,4.3,700,Infinity Ward,M,43
Assassin's Creed IV: Black Flag,PS4,2013,Action,Ubisoft,1.07,1.31,0.06,0.42,2.85,83,29,7.8,1530,Ubisoft,M,78
inFAMOUS: Second Son,PS4,2014,Action,Sony Computer Entertainment,1.28,0.98,0.07,0.46,2.79,80,90,7.9,2944,Sucker Punch,T,79
Mortal Kombat X,PS4,2015,Fighting,Warner Bros. Interactive Entertainment,1.5,0.8,0,0.48,2.78,83,81,7.7,836,"Warner Bros. Interactive Entertainment, NetherRealm Studios",M,77
Minecraft,Xbox One,2014,Misc,Microsoft Game Studios,1.61,0.9,0,0.25,2.76,,,,,,, 
Killzone: Shadow Fall,PS4,2013,Shooter,Sony Computer Entertainment,0.89,1.33,0.08,0.39,2.69,73,88,6.8,2102,Guerrilla,M,68
FIFA 17,Xbox One,2016,Sports,Electronic Arts,0.43,2.05,0,0.17,2.65,84,50,5.5,201,"EA Sports, EA Vancouver",E,55
Bloodborne,PS4,2015,Action,Sony Computer Entertainment,1.03,0.81,0.26,0.38,2.48,92,100,8.6,6383,From Software,M,86
NBA 2K15,PS4,2014,Sports,Take-Two Interactive,1.47,0.54,0.01,0.43,2.45,83,50,7,291,Visual Concepts,E,70
Need for Speed (2015),PS4,2015,Racing,Electronic Arts,0.5,1.5,0.05,0.37,2.43,,,,,,, 
Call of Duty: Infinite Warfare,Xbox One,2016,Shooter,Activision,1.46,0.74,0,0.22,2.42,78,17,3.1,290,Infinity Ward,M,31
Madden NFL 16,Xbox One,2015,Sports,Electronic Arts,2.08,0.08,0,0.26,2.42,84,23,6.1,124,EA Sports,E,61
NBA 2K16,Xbox One,2015,Sports,Take-Two Interactive,1.95,0.15,0,0.24,2.34,86,14,6.2,115,Visual Concepts,E10+,62
Far Cry: Primal,PS4,2016,Action,Ubisoft,0.6,1.25,0.06,0.35,2.26,76,91,6.3,635,Ubisoft Montreal,M,63
Battlefield 1,Xbox One,2016,Shooter,Electronic Arts,1.28,0.77,0,0.2,2.25,87,37,8.2,440,EA DICE,M,82
New Super Luigi U,WiiU,2013,Platform,Nintendo,1.25,0.62,0.18,0.18,2.24,77,59,7.9,288,Nintendo,E,79
Assassin's Creed IV: Black Flag,Xbox One,2013,Action,Ubisoft,1.48,0.55,0,0.21,2.23,,,7.4,355,Ubisoft,M,74
Tom Clancy's Rainbow Six: Siege,PS4,2015,Shooter,Ubisoft,0.55,1.19,0.14,0.33,2.21,73,40,7.3,480,Ubisoft Montreal,M,73
Forza Motorsport 5,Xbox One,2013,Racing,Microsoft Game Studios,1.21,0.79,0.01,0.19,2.2,79,76,5.9,1095,Turn 10,E,59
Madden NFL 15,PS4,2014,Sports,Electronic Arts,1.54,0.25,0,0.4,2.19,81,37,6.1,208,EA Sports,E,61
FIFA 15,Xbox One,2014,Sports,Electronic Arts,0.6,1.42,0,0.16,2.18,82,33,5.4,347,EA Sports,E,54
Tom Clancy's The Division,Xbox One,2016,Shooter,Ubisoft,1.29,0.68,0,0.2,2.16,80,33,6.9,614,Massive Entertainment,M,69
Overwatch,PS4,2016,Shooter,Activision,0.81,0.85,0.15,0.33,2.14,90,31,6.1,1358,Blizzard Entertainment,T,61
Battlefield: Hardline,PS4,2015,Shooter,Electronic Arts,0.71,0.94,0.14,0.32,2.1,73,46,5,845,Visceral Games,M,50
Dying Light,PS4,2015,Action,Warner Bros. Interactive Entertainment,0.96,0.67,0.12,0.34,2.09,74,58,7.9,1287,Techland,M,79
DriveClub,PS4,2014,Racing,Sony Computer Entertainment,0.36,1.38,0.02,0.31,2.07,71,85,6.1,1571,Evolution Studios,E,61
Battlefield 4,Xbox One,2013,Shooter,Electronic Arts,1.25,0.58,0,0.19,2.02,81,5,6.6,480,EA DICE,M,66
Dragon Age: Inquisition,PS4,2014,Role-Playing,Electronic Arts,0.73,0.88,0.08,0.32,2.01,89,43,7.4,1984,BioWare,M,74
Need for Speed Rivals,PS4,2013,Racing,Electronic Arts,0.73,0.92,0.03,0.3,1.98,80,53,6.2,667,Ghost Games,E10+,62
Destiny: The Taken King,PS4,2015,Shooter,Activision,0.78,0.79,0.04,0.31,1.93,86,81,6,1079,Bungie,T,60
LittleBigPlanet 3,PS4,2014,Platform,Sony Computer Entertainment,0.66,0.93,0.01,0.31,1.91,79,78,7.1,506,Sumo Digital,E,71
NBA 2K17,PS4,2016,Sports,Take-Two Interactive,1.25,0.27,0.02,0.34,1.88,88,47,6.7,162,Visual Concepts,E,67
Just Cause 3,PS4,2015,Action,Square Enix,0.47,1.03,0.07,0.28,1.86,73,42,6.5,403,Avalanche Studios,M,65
Diablo III,PS4,2014,Role-Playing,Activision,0.51,0.98,0.06,0.28,1.82,,,,,Blizzard Entertainment,M, 
Mafia III,PS4,2016,Action,Take-Two Interactive,0.42,1.08,0.03,0.28,1.81,68,66,5.1,1147,Hangar 13,M,51
Forza Motorsport 6,Xbox One,2015,Racing,Microsoft Game Studios,0.73,0.9,0.03,0.14,1.8,87,85,7.9,863,Turn 10,E,79
The Evil Within,PS4,2014,Action,Bethesda Softworks,0.55,0.86,0.11,0.27,1.79,75,65,7.3,1223,Tango Gameworks,M,73
The Legend of Zelda: The Wind Waker,WiiU,2013,Action,Nintendo,0.92,0.6,0.14,0.14,1.79,,,,,,, 
Madden NFL 17,PS4,2016,Sports,Electronic Arts,1.25,0.17,0,0.32,1.75,82,35,4.9,83,EA Sports,E,49
The Elder Scrolls Online,PS4,2015,Role-Playing,Bethesda Softworks,0.67,0.79,0,0.29,1.75,,,,,,, 
Wii Party U,WiiU,2013,Misc,Nintendo,0.3,0.56,0.84,0.05,1.75,65,38,6.8,135,Nd Cube,E,68
The Order: 1886,PS4,2015,Shooter,Sony Computer Entertainment,0.61,0.78,0.06,0.27,1.74,63,94,6.6,3172,"Ready at Dawn, SCE Santa Monica",M,66
Knack,PS4,2013,Platform,Sony Computer Entertainment Europe,0.43,0.68,0.42,0.2,1.73,54,83,6.5,1074,SCE Japan Studio,E10+,65
The Crew,PS4,2014,Racing,Ubisoft,0.35,1.08,0.03,0.26,1.72,61,60,5.4,575,"Ubisoft Reflections, Ivory Tower",T,54
NBA 2K15,Xbox One,2014,Sports,Take-Two Interactive,1.37,0.18,0,0.18,1.72,82,9,6.3,101,Visual Concepts,E,63
No Man's Sky,PS4,2016,Action,Hello Games,0.63,0.76,0.03,0.27,1.7,71,94,4.5,5096,Hello Games,T,45
Until Dawn,PS4,2015,Adventure,Sony Computer Entertainment Europe,0.45,0.9,0.05,0.26,1.66,79,103,8.2,2161,SuperMassive Games,M,82
Dark Souls III,PS4,2016,Role-Playing,Namco Bandai Games,0.65,0.45,0.34,0.22,1.65,89,69,8.8,1940,From Software,M,88
Far Cry 4,Xbox One,2014,Shooter,Ubisoft,0.8,0.69,0.01,0.14,1.63,82,15,7.5,383,Ubisoft Montreal,M,75
LEGO Marvel Super Heroes,PS4,2013,Action,Warner Bros. Interactive Entertainment,0.59,0.76,0.01,0.26,1.62,83,22,7.7,262,TT Games,E10+,77
Mario Party 10,WiiU,2015,Misc,Nintendo,0.69,0.53,0.24,0.12,1.58,66,66,6.5,279,"Nintendo, Nd Cube",E,65
Dead Rising 3,Xbox One,2013,Action,Microsoft Game Studios,1.06,0.35,0.01,0.15,1.57,78,69,6.8,908,Capcom Vancouver,M,68
Watch Dogs,Xbox One,2014,Action,Ubisoft,0.9,0.53,0,0.14,1.57,78,15,5.8,712,Ubisoft Montreal,M,58
Madden NFL 15,Xbox One,2014,Sports,Electronic Arts,1.31,0.09,0,0.16,1.57,80,19,6.4,138,EA Sports,E,64
Wolfenstein: The New Order,PS4,2014,Shooter,Bethesda Softworks,0.47,0.8,0.03,0.24,1.55,79,73,8.1,1116,MachineGames,M,81
Ratchet & Clank (2016),PS4,2016,Platform,Sony Computer Entertainment,0.5,0.76,0.04,0.24,1.54,,,,,,, 
Donkey Kong Country: Tropical Freeze,WiiU,2014,Platform,Nintendo,0.7,0.55,0.16,0.12,1.52,83,77,8.9,712,Retro Studios,E,89
Batman: Arkham Knight,Xbox One,2015,Action,Warner Bros. Interactive Entertainment,0.88,0.47,0,0.14,1.49,85,16,6.6,694,Rocksteady Studios,M,66
Doom (2016),PS4,2016,Shooter,Bethesda Softworks,0.54,0.69,0.02,0.24,1.49,,,,,,, 
NBA 2K14,PS4,2013,Sports,Take-Two Interactive,0.89,0.31,0.01,0.23,1.45,85,20,6.5,368,Visual Concepts,E,65
Tomb Raider (2013),PS4,2014,Action,Square Enix,0.47,0.65,0.06,0.22,1.4,,,,,,, 
Forza Horizon 2,Xbox One,2014,Racing,Microsoft Game Studios,0.5,0.78,0.01,0.11,1.4,86,85,8.2,977,Playground Games,E10+,82
Ryse: Son of Rome,Xbox One,2013,Action,Microsoft Game Studios,0.83,0.43,0,0.13,1.38,60,77,6.1,1409,Crytek,M,61
Mortal Kombat X,Xbox One,2015,Fighting,Warner Bros. Interactive Entertainment,1.03,0.21,0,0.14,1.38,86,21,7.3,279,"Warner Bros. Interactive Entertainment, NetherRealm Studios",M,73
Rise of the Tomb Raider,Xbox One,2015,Adventure,Square Enix,0.55,0.7,0.02,0.11,1.38,86,102,8,1288,Crystal Dynamics,M,80
Middle-Earth: Shadow of Mordor,Xbox One,2014,Action,Warner Bros. Interactive Entertainment,0.73,0.5,0.01,0.12,1.35,87,12,8,585,Monolith Productions,M,80
Gears of War 4,Xbox One,2016,Shooter,Microsoft Game Studios,0.78,0.44,0,0.12,1.35,84,96,6.2,815,The Coalition,M,62
Tom Clancy's Rainbow Six: Siege,Xbox One,2015,Shooter,Ubisoft,0.77,0.45,0,0.12,1.34,74,24,6.9,252,Ubisoft Montreal,M,69
The Elder Scrolls V: Skyrim,PS4,2016,Role-Playing,Bethesda Softworks,0.48,0.59,0.04,0.21,1.33,,,,,,, 
The Witcher 3: Wild Hunt,Xbox One,2015,Role-Playing,Namco Bandai Games,0.69,0.5,0,0.11,1.31,91,13,9.2,3963,CD Projekt Red Studio,M,92
Yoshi's Woolly World,WiiU,2015,Platform,Nintendo,0.62,0.47,0.11,0.1,1.3,78,83,8.5,376,Good-Feel,E,85
Assassin's Creed Syndicate,Xbox One,2015,Action,Ubisoft,0.62,0.56,0,0.11,1.3,78,22,6.1,402,Ubisoft Quebec,M,61
Dying Light,Xbox One,2015,Action,Warner Bros. Interactive Entertainment,0.86,0.3,0.01,0.12,1.29,74,26,7.8,387,Techland,M,78
The Elder Scrolls Online,Xbox One,2015,Role-Playing,Bethesda Softworks,0.78,0.38,0,0.12,1.28,77,11,8.4,613,ZeniMax Media,M,84
Metal Gear Solid V: Ground Zeroes,PS4,2014,Action,Konami Digital Entertainment,0.45,0.47,0.17,0.18,1.27,75,70,6.2,1311,Kojima Productions,M,62
Madden NFL 17,Xbox One,2016,Sports,Electronic Arts,1.08,0.02,0,0.13,1.23,83,30,5.9,39,EA Sports,E,59
Hyrule Warriors,WiiU,2014,Action,Nintendo,0.58,0.42,0.13,0.1,1.23,76,81,8.3,662,Omega Force,T,83
WWE 2K16,PS4,2015,Sports,Take-Two Interactive,0.41,0.6,0,0.2,1.21,73,47,7.4,237,Yuke's,T,74
Battlefield: Hardline,Xbox One,2015,Shooter,Electronic Arts,0.72,0.37,0.01,0.11,1.21,71,27,5.1,299,Visceral Games,M,51
Captain Toad: Treasure Tracker,WiiU,2014,Puzzle,Nintendo,0.53,0.38,0.19,0.09,1.19,81,78,8.6,377,Nintendo EAD Tokyo,E,86
Destiny: The Taken King,Xbox One,2015,Shooter,Activision,0.85,0.23,0,0.12,1.19,89,11,5.2,393,"Bungie Software, Bungie",T,52
Mad Max (2015),PS4,2015,Action,Warner Bros. Interactive Entertainment,0.36,0.59,0.04,0.18,1.17,,,,,,, 
FIFA 14,Xbox One,2013,Sports,Electronic Arts,0.41,0.66,0,0.09,1.16,88,22,5.8,328,EA Canada,E,58
WWE 2K15,PS4,2014,Sports,Take-Two Interactive,0.39,0.57,0,0.19,1.15,62,44,5.1,164,Yuke's,T,51
Sunset Overdrive,Xbox One,2014,Shooter,Microsoft Game Studios,0.63,0.4,0,0.1,1.14,81,89,7.7,1137,Insomniac Games,M,77
Naruto Shippuden: Ultimate Ninja Storm 4,PS4,2016,Fighting,Namco Bandai Games,0.41,0.45,0.11,0.17,1.14,79,60,8.2,201,CyberConnect2,T,82
Watch Dogs 2,PS4,2016,Action,Ubisoft,0.37,0.58,0,0.18,1.13,83,88,7.8,621,Ubisoft Montreal,M,78
Alien: Isolation,PS4,2014,Shooter,Sega,0.34,0.57,0.04,0.17,1.13,79,50,8.1,795,Creative Assembly,M,81
Pikmin 3,WiiU,2013,Strategy,Nintendo,0.44,0.32,0.29,0.07,1.11,87,79,8.7,664,Nintendo,E10+,87
Dragon Ball: XenoVerse,PS4,2015,Fighting,Namco Bandai Games,0.3,0.52,0.12,0.16,1.11,69,50,7.7,598,Dimps Corporation,T,77
LEGO City Undercover,WiiU,2013,Platform,Nintendo,0.47,0.42,0.13,0.08,1.1,80,66,8.2,283,TT Games,E10+,82
Project CARS,PS4,2015,Racing,Slightly Mad Studios,0.2,0.7,0.02,0.16,1.09,83,37,6.6,363,Slightly Mad Studios,E,66
Forza Horizon 3,Xbox One,2016,Racing,Microsoft Game Studios,0.42,0.58,0,0.08,1.08,91,90,7.4,594,Playground Games,E,74
Overwatch,Xbox One,2016,Shooter,Activision,0.63,0.33,0,0.1,1.06,91,18,5.6,668,Blizzard Entertainment,T,56
LEGO Marvel Super Heroes,Xbox One,2013,Action,Warner Bros. Interactive Entertainment,0.61,0.35,0,0.09,1.06,,,6.8,73,TT Games,E10+,68
EA Sports UFC,PS4,2014,Sports,Electronic Arts,0.46,0.41,0.01,0.17,1.05,70,57,6.1,279,EA Sports,T,61
The Legend of Zelda: Twilight Princess HD,WiiU,2016,Action,Nintendo,0.56,0.3,0.08,0.09,1.03,86,74,8.4,329,"Tantalus Interactive, Tantatus, Nintendo",T,84
NBA 2K17,Xbox One,2016,Sports,Take-Two Interactive,0.86,0.06,0,0.11,1.02,90,17,6.2,91,Visual Concepts,E,62
Rayman Legends,PS4,2014,Platform,Ubisoft,0.22,0.64,0,0.16,1.01,90,16,8.5,525,Ubisoft Montpellier,E10+,85
ZombiU,WiiU,2012,Action,Ubisoft,0.52,0.36,0.05,0.08,1.01,77,70,7.7,758,Ubisoft Montpellier,M,77
Pokken Tournament,WiiU,2016,Fighting,Namco Bandai Games,0.5,0.26,0.17,0.08,1.01,76,74,8,273,Bandai Namco Games,E10+,80
Final Fantasy Type-0,PS4,2015,Role-Playing,Square Enix,0.37,0.32,0.15,0.14,0.98,,,,,,, 
Evolve,PS4,2015,Shooter,Take-Two Interactive,0.36,0.41,0.05,0.15,0.96,76,46,4.3,894,Turtle Rock Studios,M,43
Rise of the Tomb Raider,PS4,2016,Adventure,Square Enix,0.23,0.53,0.04,0.14,0.94,,,,,,, 
EA Sports UFC 2,PS4,2016,Sports,Electronic Arts,0.29,0.49,0,0.15,0.93,79,38,6.2,157,EA Sports,T,62
Dragon Age: Inquisition,Xbox One,2014,Role-Playing,Electronic Arts,0.56,0.28,0,0.09,0.93,85,28,6.9,703,BioWare,M,69
Lego Batman 3: Beyond Gotham,PS4,2014,Action,Warner Bros. Interactive Entertainment,0.37,0.4,0,0.15,0.93,73,43,7.1,75,TT Games,E10+,71
MLB 15: The Show,PS4,2015,Sports,Sony Computer Entertainment,0.68,0.08,0,0.17,0.92,80,44,7.8,190,SCEA San Diego Studios,E,78
Injustice: Gods Among Us,PS4,2013,Fighting,Warner Bros. Interactive Entertainment,0.46,0.3,0,0.16,0.91,,,,,,, 
NBA 2K14,Xbox One,2013,Sports,Take-Two Interactive,0.7,0.11,0,0.09,0.91,86,15,5.7,183,Visual Concepts,E,57
Street Fighter V,PS4,2016,Fighting,Capcom,0.4,0.28,0.08,0.14,0.9,77,80,3.4,1221,Capcom,T,34
Just Cause 3,Xbox One,2015,Action,Square Enix,0.44,0.39,0,0.08,0.9,71,24,7,186,Avalanche Studios,M,70
LEGO Jurassic World,PS4,2015,Action,Warner Bros. Interactive Entertainment,0.32,0.42,0.02,0.14,0.9,70,46,7,80,TT Games,E10+,70
Madden NFL 25,PS4,2013,Sports,Electronic Arts,0.63,0.13,0,0.15,0.9,74,13,5.2,118,EA Sports,E,52
MLB 16: The Show,PS4,2016,Action,Sony Computer Entertainment,0.72,0,0,0.17,0.89,,,,,,, 
Far Cry: Primal,Xbox One,2016,Action,Ubisoft,0.47,0.33,0,0.08,0.88,77,27,6.4,194,Ubisoft Montreal,M,64
Borderlands: The Handsome Collection,PS4,2015,Shooter,Take-Two Interactive,0.38,0.33,0.03,0.14,0.88,82,49,7.8,345,Gearbox Software,M,78
Guitar Hero Live,PS4,2015,Misc,Activision,0.34,0.38,0,0.14,0.86,80,69,6.2,160,FreeStyleGames,T,62
Wii Fit U,WiiU,2013,Sports,Nintendo,0.35,0.23,0.21,0.05,0.85,72,19,7.7,72,Nintendo,E,77
Xenoblade Chronicles X,WiiU,2015,Role-Playing,Nintendo,0.36,0.28,0.14,0.06,0.84,84,87,8.9,1548,Monolith Soft,T,89
Thief (2014),PS4,2014,Action,Square Enix,0.28,0.38,0.03,0.13,0.82,,,,,,, 
Madden NFL 25,Xbox One,2013,Sports,Electronic Arts,0.67,0.05,0,0.08,0.81,73,18,5.9,111,EA Sports,E,59
Pro Evolution Soccer 2016,PS4,2015,Sports,Konami Digital Entertainment,0.13,0.42,0.13,0.1,0.79,87,54,7.1,680,Konami,E,71
Rare Replay,Xbox One,2015,Misc,Microsoft Game Studios,0.49,0.22,0.01,0.07,0.79,84,75,7.7,325,Rare Ltd.,M,77
Mario & Sonic at the Sochi 2014 Olympic Winter Games,WiiU,2013,Sports,Nintendo,0.37,0.22,0.13,0.06,0.78,,,,,,, 
Bayonetta 2,WiiU,2014,Action,Nintendo,0.32,0.28,0.1,0.06,0.76,91,80,8.2,1217,PlatinumGames,M,82
Doom (2016),Xbox One,2016,Shooter,Bethesda Softworks,0.44,0.25,0,0.07,0.76,,,,,,, 
Titanfall 2,PS4,2016,Shooter,Electronic Arts,0.34,0.25,0.05,0.12,0.75,89,56,8.4,704,Respawn Entertainment,M,84
Metal Gear Solid V: The Phantom Pain,Xbox One,2015,Action,Konami Digital Entertainment,0.41,0.26,0.01,0.07,0.75,95,10,7.3,900,"Kojima Productions, Moby Dick Studio",M,73
Pro Evolution Soccer 2015,PS4,2014,Sports,Konami Digital Entertainment,0.09,0.45,0.11,0.1,0.75,82,56,7.2,386,Konami,E,72
Final Fantasy XIV: A Realm Reborn,PS4,2014,Role-Playing,Square Enix,0.33,0.23,0.08,0.11,0.75,,,,,,, 
Final Fantasy X/X-2 HD Remaster,PS4,2015,Role-Playing,Square Enix,0.29,0.27,0.06,0.11,0.74,,,,,,, 
Dragon Quest Heroes: The World's Tree Woe and the Blight Below,PS4,2015,Action,Square Enix,0.17,0.13,0.37,0.06,0.74,,,,,,, 
The Elder Scrolls V: Skyrim,Xbox One,2016,Role-Playing,Bethesda Softworks,0.41,0.27,0,0.07,0.74,,,,,,, 
LEGO Marvel Super Heroes,WiiU,2013,Action,Warner Bros. Interactive Entertainment,0.31,0.35,0.02,0.06,0.74,82,8,8,71,TT Games,E10+,80
LEGO Marvel's Avengers,PS4,2016,Action,Warner Bros. Interactive Entertainment,0.26,0.35,0,0.12,0.73,71,70,7,87,TT Games,E10+,70
Just Dance 2015,WiiU,2014,Misc,Ubisoft,0.38,0.29,0,0.06,0.73,75,6,6.6,26,Ubisoft,E10+,66
LEGO Dimensions,PS4,2015,Action,Warner Bros. Interactive Entertainment,0.24,0.37,0,0.12,0.73,80,53,7.1,65,Traveller's Tales,E10+,71
MLB 14: The Show,PS4,2014,Sports,Sony Computer Entertainment America,0.58,0,0,0.14,0.72,83,17,7.7,205,SCEA San Diego Studios,E,77
Disney Infinity 3.0,PS4,2015,Action,Disney Interactive Studios,0.24,0.37,0,0.12,0.72,,,,,,, 
Dragon Ball: Xenoverse 2,PS4,2016,Action,Namco Bandai Games,0.24,0.27,0.09,0.1,0.71,73,54,7.8,117,Dimps Corporation,T,78
Skylanders: Trap Team,WiiU,2014,Action,Activision,0.38,0.26,0,0.06,0.7,86,4,7.1,18,Toys for Bob,E10+,71
Lego Star Wars: The Force Awakens,PS4,2016,Action,Warner Bros. Interactive Entertainment,0.16,0.43,0.01,0.11,0.7,78,61,7.5,91,TT Games,E10+,75
Minecraft: Story Mode,PS4,2015,Adventure,Mojang,0.25,0.33,0,0.11,0.69,,,,,,, 
Monster Hunter Tri,WiiU,2012,Role-Playing,Nintendo,0.24,0.19,0.22,0.04,0.69,,,,,,, 
Need for Speed (2015),Xbox One,2015,Racing,Electronic Arts,0.3,0.33,0,0.06,0.69,,,,,,, 
Plants vs. Zombies: Garden Warfare,Xbox One,2014,Shooter,Electronic Arts,0.39,0.23,0,0.06,0.69,76,65,7.4,438,PopCap,E10+,74
Need for Speed Rivals,Xbox One,2013,Racing,Electronic Arts,0.46,0.17,0,0.07,0.69,75,18,5.8,175,Ghost Games,E10+,58
Minecraft,WiiU,2016,Misc,Microsoft Game Studios,0.28,0.17,0.18,0.04,0.68,,,,,,, 
Sniper Elite 3,PS4,2014,Shooter,505 Games,0.24,0.34,0,0.11,0.68,67,41,7.1,178,Rebellion,M,71
Wolfenstein: The New Order,Xbox One,2014,Shooter,Bethesda Softworks,0.34,0.28,0,0.06,0.68,79,18,7.8,397,MachineGames,M,78
The Evil Within,Xbox One,2014,Action,Bethesda Softworks,0.35,0.25,0,0.06,0.67,79,24,7.3,430,Tango Gameworks,M,73
The LEGO Movie Videogame,PS4,2014,Action,Warner Bros. Interactive Entertainment,0.24,0.31,0.01,0.11,0.67,71,31,7.1,98,TT Games,E10+,71
F1 2015,PS4,2015,Racing,Codemasters,0.09,0.45,0.03,0.1,0.66,65,46,6.3,43,Codemasters,E,63
Diablo III,Xbox One,2014,Role-Playing,Activision,0.36,0.24,0,0.06,0.66,,,,,,, 
Metro: Last Light,PS4,2014,Action,Deep Silver,0.22,0.3,0.04,0.1,0.66,,,,,,, 
Rayman Legends,WiiU,2013,Platform,Ubisoft,0.25,0.33,0.03,0.05,0.66,92,35,8.7,465,Ubisoft Montpellier,E10+,87
LEGO Jurassic World,Xbox One,2015,Action,Warner Bros. Interactive Entertainment,0.38,0.22,0,0.06,0.65,70,17,6.7,44,TT Games,E10+,67
Disney Infinity 2.0: Marvel Super Heroes,WiiU,2014,Action,Disney Interactive Studios,0.37,0.22,0,0.06,0.65,,,,,,, 
God of War III,PS4,2015,Action,Sony Computer Entertainment,0.24,0.29,0.01,0.1,0.65,,,,,,, 
The LEGO Movie Videogame,WiiU,2014,Action,Warner Bros. Interactive Entertainment,0.33,0.23,0.03,0.05,0.64,68,5,7.7,25,TT Games,E10+,77
Dishonored 2,PS4,2016,Action,Bethesda Softworks,0.22,0.32,0,0.1,0.64,88,56,7.7,569,Arkane Studios,M,77
The Crew,Xbox One,2014,Racing,Ubisoft,0.25,0.34,0,0.05,0.64,64,18,5.9,176,"Ubisoft Reflections, Ivory Tower",T,59
Evolve,Xbox One,2015,Shooter,Take-Two Interactive,0.37,0.2,0,0.06,0.64,74,31,5.1,336,Turtle Rock Studios,M,51
Rocksmith 2014,PS4,2014,Misc,Ubisoft,0.35,0.17,0,0.11,0.63,,,,,,, 
NHL 16,PS4,2015,Sports,Electronic Arts,0.36,0.16,0,0.11,0.63,78,28,5.5,157,"EA Sports, EA Canada",E10+,55
Disney Infinity 2.0: Marvel Super Heroes,PS4,2014,Action,Disney Interactive Studios,0.27,0.25,0,0.1,0.62,,,,,,, 
Mafia III,Xbox One,2016,Action,Take-Two Interactive,0.28,0.29,0,0.05,0.62,67,20,4.6,274,Hangar 13,M,46
Plants vs. Zombies: Garden Warfare,PS4,2014,Shooter,Electronic Arts,0.21,0.29,0.01,0.1,0.61,75,23,7.6,259,PopCap,E10+,76
Tomb Raider (2013),Xbox One,2014,Action,Square Enix,0.35,0.21,0,0.05,0.61,,,,,,, 
Dark Souls II,PS4,2015,Role-Playing,Namco Bandai Games,0.21,0.23,0.08,0.09,0.6,,,,,,, 
Kinect Sports Rivals,Xbox One,2014,Sports,Microsoft Game Studios,0.3,0.23,0.02,0.05,0.6,60,53,5.1,144,Microsoft Game Studios,E10+,51
Disney Infinity,WiiU,2013,Action,Disney Interactive Studios,0.33,0.22,0,0.05,0.6,71,10,7.6,58,Avalanche Software,E10+,76
LEGO The Hobbit,PS4,2014,Action,Warner Bros. Interactive Entertainment,0.13,0.38,0,0.09,0.6,72,47,6.6,88,TT Games,E10+,66
WWE 2K17,PS4,2016,Sports,Take-Two Interactive,0.17,0.34,0,0.09,0.6,69,50,6.9,88,Yuke's,T,69
Just Dance 2014,WiiU,2013,Misc,Ubisoft,0.31,0.23,0,0.05,0.6,72,13,7.6,45,Ubisoft,E10+,76
NHL 15,PS4,2014,Sports,Electronic Arts,0.31,0.19,0,0.1,0.6,60,28,3.6,306,EA Sports,E10+,36
WWE 2K16,Xbox One,2015,Sports,Take-Two Interactive,0.32,0.22,0,0.05,0.59,72,18,5.7,75,Yuke's,T,57
Skylanders SWAP Force,WiiU,2013,Platform,Activision,0.38,0.15,0,0.05,0.58,89,7,6,96,Vicarious Visions,E10+,60
Titanfall 2,Xbox One,2016,Shooter,Electronic Arts,0.37,0.15,0,0.05,0.57,87,31,8,261,Respawn Entertainment,M,80
WWE 2K15,Xbox One,2014,Sports,Take-Two Interactive,0.29,0.23,0,0.05,0.57,56,25,5.7,63,Yuke's,T,57
Just Dance 2016,WiiU,2015,Misc,Ubisoft,0.27,0.25,0,0.05,0.57,73,7,6.9,11,Ubisoft,E10+,69
Minecraft: Story Mode,Xbox One,2015,Adventure,Mojang,0.3,0.21,0,0.05,0.56,,,,,,, 
Quantum Break,Xbox One,2016,Action,Microsoft Game Studios,0.3,0.2,0.01,0.05,0.56,77,106,6.8,1659,Remedy Entertainment,M,68
Guitar Hero Live,Xbox One,2015,Misc,Activision,0.3,0.2,0,0.05,0.55,81,21,5.1,69,FreeStyleGames,T,51
Resident Evil: Revelations 2,PS4,2015,Action,Capcom,0.13,0.24,0.1,0.07,0.55,75,30,7.7,284,Capcom,M,77
The Amazing Spider-Man 2 (2014),PS4,2014,Action,Activision,0.2,0.25,0.02,0.09,0.55,,,,,,, 
LEGO Dimensions,WiiU,2015,Action,Warner Bros. Interactive Entertainment,0.3,0.18,0,0.05,0.53,62,5,6.5,29,Traveller's Tales,E10+,65
Just Dance 2015,Xbox One,2014,Misc,Ubisoft,0.35,0.13,0,0.05,0.53,70,17,7.5,20,Ubisoft,E10+,75
The LEGO Movie Videogame,Xbox One,2014,Action,Warner Bros. Interactive Entertainment,0.35,0.13,0,0.05,0.53,69,18,6.9,49,TT Games,E10+,69
LEGO Jurassic World,WiiU,2015,Action,Warner Bros. Interactive Entertainment,0.27,0.19,0.02,0.04,0.52,71,5,8.1,14,TT Games,E10+,81
Rory McIlroy PGA Tour,PS4,2015,Action,Electronic Arts,0.18,0.25,0,0.08,0.52,61,33,3.7,78,EA Tiburon,E,37
Lords of the Fallen,PS4,2014,Role-Playing,Square Enix,0.18,0.24,0.02,0.08,0.52,68,45,6.6,425,"City Interactive, Deck 13",M,66
Kirby and the Rainbow Curse,WiiU,2015,Platform,Nintendo,0.22,0.13,0.12,0.04,0.52,73,72,8,227,HAL Labs,E,80
Sonic & All-Stars Racing Transformed,WiiU,2012,Racing,Sega,0.19,0.26,0.02,0.04,0.51,,,,,,, 
Alien: Isolation,Xbox One,2014,Shooter,Sega,0.22,0.24,0,0.04,0.51,78,24,7.8,314,Creative Assembly,M,78
Plants vs. Zombies: Garden Warfare 2,PS4,2016,Shooter,Electronic Arts,0.2,0.21,0,0.08,0.49,81,29,7.7,111,PopCap,E10+,77
Mad Max (2015),Xbox One,2015,Action,Warner Bros. Interactive Entertainment,0.28,0.16,0,0.04,0.48,,,,,,, 
Skylanders: SuperChargers,WiiU,2015,Action,Activision,0.25,0.19,0,0.04,0.48,87,13,5.6,65,Vicarious Visions,E10+,56
Plants vs. Zombies: Garden Warfare 2,Xbox One,2016,Shooter,Electronic Arts,0.29,0.15,0,0.04,0.48,80,64,8.1,79,PopCap,E10+,81
NHL 16,Xbox One,2015,Sports,Electronic Arts,0.38,0.05,0,0.05,0.48,80,18,6,81,"EA Sports, EA Canada",E10+,60
Rock Band 4,Xbox One,2015,Misc,Harmonix Music Systems,0.38,0.04,0,0.05,0.47,79,27,6.4,54,Harmonix Music Systems,T,64
FIFA Soccer 13,WiiU,2012,Action,Electronic Arts,0.17,0.27,0,0.04,0.47,69,28,6.2,49,Electronic Arts,E,62
EA Sports UFC,Xbox One,2014,Sports,Electronic Arts,0.3,0.12,0,0.04,0.47,70,23,6.3,152,EA Sports,T,63
One Piece: Pirate Warriors 3,PS4,2015,Action,Namco Bandai Games,0.09,0.22,0.1,0.06,0.46,74,34,7.4,118,Omega Force,T,74
Thief (2014),Xbox One,2014,Action,Square Enix,0.26,0.15,0,0.04,0.46,,,,,,, 
The Walking Dead: Season One,PS4,2014,Adventure,Telltale Games,0.12,0.25,0.02,0.07,0.46,,,,,,, 
Disney Infinity 3.0,WiiU,2015,Action,Disney Interactive Studios,0.21,0.21,0,0.04,0.46,,,,,,, 
Just Dance 2014,Xbox One,2013,Misc,Ubisoft,0.3,0.11,0,0.04,0.45,71,6,7,58,Ubisoft,E10+,70
Lego Batman 3: Beyond Gotham,WiiU,2014,Action,Warner Bros. Interactive Entertainment,0.21,0.21,0,0.04,0.45,,,7,20,TT Games,E10+,70
Pro Evolution Soccer 2017,PS4,2016,Sports,Konami Digital Entertainment,0.02,0.27,0.11,0.05,0.45,85,61,7.6,478,Konami,E,76
Mario Tennis Ultra Smash,WiiU,2015,Sports,Nintendo,0.13,0.15,0.14,0.02,0.44,58,58,5.3,133,"Nintendo, Camelot Software Planning",E,53
Skylanders: Trap Team,PS4,2014,Action,Activision,0.19,0.18,0,0.07,0.44,78,46,5.6,32,Toys for Bob,E10+,56
Disney Infinity 2.0: Marvel Super Heroes,Xbox One,2014,Action,Disney Interactive Studios,0.25,0.15,0,0.04,0.44,,,,,,, 
Borderlands: The Handsome Collection,Xbox One,2015,Shooter,Take-Two Interactive,0.26,0.13,0,0.04,0.43,80,11,7.8,119,Gearbox Software,M,78
Sleeping Dogs,PS4,2014,Action,Square Enix,0.16,0.2,0,0.07,0.43,,,,,,, 
Lego Batman 3: Beyond Gotham,Xbox One,2014,Action,Warner Bros. Interactive Entertainment,0.23,0.17,0,0.04,0.43,74,25,7.1,36,TT Games,E10+,71
Wolfenstein: The Old Blood,PS4,2015,Action,Bethesda Softworks,0.1,0.25,0.02,0.06,0.43,76,54,8,267,MachineGames,,80
Trials Fusion,PS4,2014,Racing,Ubisoft,0.13,0.22,0.01,0.07,0.42,79,51,7.2,244,RedLynx,E10+,72
Paper Mario: Color Splash,WiiU,2016,Role-Playing,Nintendo,0.2,0.14,0.05,0.03,0.42,75,72,6.8,208,"Nintendo, Intelligent Systems",E,68
Animal Crossing: Amiibo Festival,WiiU,2015,Misc,Nintendo,0.19,0.11,0.09,0.03,0.41,46,20,4.4,173,"Nintendo, Nd Cube",E,44
Just Dance 2014,PS4,2013,Misc,Ubisoft,0.19,0.16,0,0.07,0.41,75,4,5.5,51,Ubisoft,E10+,55
EA Sports UFC 2,Xbox One,2016,Sports,Electronic Arts,0.24,0.14,0,0.04,0.41,76,42,6,77,EA Sports,T,60
Farming Simulator 17,PS4,2016,Simulation,Focus Home Interactive,0.05,0.31,0,0.06,0.41,69,17,8.7,12,Maximum Games,E,87
LEGO Dimensions,Xbox One,2015,Action,Warner Bros. Interactive Entertainment,0.22,0.15,0,0.04,0.41,80,12,6.9,27,Traveller's Tales,E10+,69
NHL 15,Xbox One,2014,Sports,Electronic Arts,0.31,0.06,0,0.04,0.41,59,22,3.2,180,EA Sports,E10+,32
Call of Duty: Black Ops II,WiiU,2012,Shooter,Activision,0.2,0.18,0,0.03,0.41,81,31,6.9,228,Treyarch,M,69
Rocksmith 2014,Xbox One,2014,Misc,Ubisoft,0.29,0.08,0,0.04,0.41,,,,,,, 
Dragon Quest X,WiiU,2013,Role-Playing,Square Enix,0,0,0.41,0,0.41,,,,,Square Enix,, 
Dragon Quest Builders: Revive Alefgard,PS4,2016,Role-Playing,Square Enix,0.04,0.11,0.22,0.03,0.4,,,,,,, 
Tales of Zestiria,PS4,2015,Role-Playing,Namco Bandai Games,0.17,0.15,0.02,0.06,0.4,72,59,6.8,315,Bandai Namco Games,T,68
Life is Strange,PS4,2016,Adventure,Square Enix,0.15,0.15,0.03,0.06,0.4,85,23,8.6,672,DONTNOD Entertainment,M,86
The Wonderful 101,WiiU,2013,Action,Nintendo,0.19,0.1,0.08,0.03,0.4,78,75,8.5,495,PlatinumGames,T,85
Saints Row IV,PS4,2015,Action,Deep Silver,0.13,0.18,0.03,0.06,0.39,,,,,,, 
Dishonored,PS4,2015,Action,Bethesda Softworks,0.12,0.2,0.02,0.06,0.39,,,,,,, 
Dark Souls III,Xbox One,2016,Role-Playing,Namco Bandai Games,0.26,0.09,0,0.04,0.39,87,14,8.6,514,From Software,,86
Until Dawn: Rush of Blood,PS4,2016,Adventure,Sony Computer Entertainment,0.18,0.15,0,0.07,0.39,72,49,8,68,SuperMassive Games,M,80
Sonic Lost World,WiiU,2013,Platform,Sega,0.23,0.12,0.01,0.03,0.39,63,64,7.3,461,Sonic Team,E10+,73
Skylanders SWAP Force,PS4,2013,Platform,Activision,0.2,0.12,0,0.06,0.39,79,7,5.2,45,Vicarious Visions,E10+,52
F1 2016 (Codemasters),PS4,2016,Racing,Codemasters,0.03,0.29,0.01,0.05,0.39,,,,,,, 
Just Dance 2015,PS4,2014,Misc,Ubisoft,0.19,0.13,0,0.07,0.39,72,8,5.8,32,Ubisoft,E10+,58
Rock Band 4,PS4,2015,Misc,Harmonix Music Systems,0.26,0.05,0,0.07,0.38,78,51,6.3,87,Harmonix Music Systems,T,63
Deus Ex: Mankind Divided,PS4,2016,Role-Playing,Square Enix,0.11,0.21,0,0.06,0.38,84,59,7.6,511,Eidos Montreal,M,76
Wii Sports Club,WiiU,2014,Sports,Nintendo,0.17,0.14,0.04,0.03,0.38,68,21,7,106,Nintendo,E10+,70
Skylanders Giants,WiiU,2012,Action,Activision,0.22,0.12,0,0.03,0.37,80,8,6.9,22,Vicarious Visions,E10+,69
Resident Evil Zero,PS4,2016,Action,Capcom,0.1,0.17,0.05,0.05,0.37,,,,,,, 
Persona 5,PS4,2016,Role-Playing,Atlus,0,0,0.37,0,0.37,,,,,Atlus,, 
Just Dance 4,WiiU,2012,Misc,Ubisoft,0.21,0.13,0,0.03,0.37,66,14,7.8,37,Ubisoft Paris,E10+,78
BioShock The Collection,PS4,2016,Shooter,Take-Two Interactive,0.1,0.19,0.02,0.06,0.37,84,39,8.5,210,2K Games,M,85
Rocket League,PS4,2016,Sports,505 Games,0.03,0.28,0,0.05,0.37,85,50,8.7,1290,Psyonix,E,87
DiRT Rally,PS4,2016,Racing,Codemasters,0.04,0.27,0,0.05,0.37,85,46,8.1,196,Codemasters,E,81
Skylanders: Trap Team,Xbox One,2014,Action,Activision,0.26,0.07,0,0.04,0.37,,,,,,, 
Scribblenauts: Unlimited,WiiU,2012,Action,Warner Bros. Interactive Entertainment,0.25,0.09,0,0.03,0.37,73,42,7.4,109,5TH Cell,E10+,74
Batman: Arkham City,WiiU,2012,Action,Warner Bros. Interactive Entertainment,0.16,0.18,0,0.03,0.36,,,,,,, 
Star Fox: Zero,WiiU,2016,Shooter,Nintendo,0.17,0.1,0.07,0.03,0.36,69,82,7.4,662,PlatinumGames,E10+,74
Zoo Tycoon (2013),Xbox One,2013,Simulation,Microsoft Game Studios,0.18,0.15,0,0.03,0.36,,,,,,, 
Just Dance 2016,PS4,2015,Misc,Ubisoft,0.17,0.13,0,0.06,0.36,73,10,6.8,20,Ubisoft,E10+,68
Watch Dogs 2,Xbox One,2016,Action,Ubisoft,0.17,0.16,0,0.03,0.36,83,9,7.7,131,Ubisoft Montreal,M,77
ESPN: Sports Connection,WiiU,2012,Sports,Ubisoft,0.2,0.12,0,0.03,0.36,31,13,2.7,18,Ubisoft,E,27
Farming Simulator 2015,PS4,2015,Simulation,Koch Media,0.1,0.2,0,0.06,0.35,,,,,,, 
Homefront: The Revolution,PS4,2016,Shooter,Deep Silver,0.06,0.21,0.03,0.05,0.35,48,43,3.8,212,Deep Silver Dambuster Studios,M,38
Assassin's Creed III,WiiU,2012,Action,Ubisoft,0.19,0.13,0,0.03,0.35,85,26,7.1,216,Ubisoft Quebec,M,71
One Piece: Burning Blood,PS4,2016,Fighting,Namco Bandai Games,0.11,0.13,0.07,0.05,0.35,66,45,7.8,49,Spike Chunsoft,T,78
LEGO Marvel's Avengers,Xbox One,2016,Action,Warner Bros. Interactive Entertainment,0.19,0.12,0,0.03,0.35,71,18,5.1,15,TT Games,E10+,51
Mirror's Edge Catalyst,PS4,2016,Platform,Electronic Arts,0.11,0.16,0.02,0.05,0.35,69,50,4.7,578,EA DICE,T,47
Sniper Elite 3,Xbox One,2014,Shooter,505 Games,0.2,0.11,0,0.03,0.35,63,12,6.6,68,Rebellion,M,66
TrackMania Turbo,PS4,2016,Action,Ubisoft,0.03,0.26,0,0.05,0.35,81,52,7.9,110,Nadeo,E,79
Call of Duty: Ghosts,WiiU,2013,Shooter,Activision,0.22,0.09,0.01,0.03,0.34,69,6,3.4,256,Treyarch,M,34
Mario & Sonic at the Rio 2016 Olympic Games,WiiU,2016,Action,Nintendo,0.07,0.14,0.11,0.02,0.34,,,,,,, 
Rayman Legends,Xbox One,2014,Platform,Ubisoft,0.13,0.18,0,0.03,0.34,91,6,7.9,218,Ubisoft Montpellier,E10+,79
Disney Infinity 3.0,Xbox One,2015,Action,Disney Interactive Studios,0.2,0.11,0,0.03,0.34,,,,,,, 
Dead or Alive 5,PS4,2015,Fighting,Tecmo Koei,0.09,0.13,0.08,0.04,0.34,,,,,,, 
World of Final Fantasy,PS4,2016,Role-Playing,Square Enix,0.08,0.14,0.08,0.04,0.33,77,74,8.3,222,Square Enix,E10+,83
NHL 17,PS4,2016,Sports,Electronic Arts,0.19,0.08,0,0.06,0.33,78,26,5.8,67,"EA Canada, EA Vancouver",E10+,58
Star Ocean 5: Integrity and Faithlessness,PS4,2016,Role-Playing,Square Enix,0.07,0.09,0.15,0.03,0.33,,,,,,, 
Just Dance 2016,Xbox One,2015,Misc,Ubisoft,0.25,0.04,0,0.03,0.32,66,10,6.1,18,Ubisoft,E10+,61
Dragon Ball: XenoVerse,Xbox One,2015,Fighting,Namco Bandai Games,0.18,0.11,0,0.03,0.32,67,18,7.2,128,Dimps Corporation,T,72
Murdered: Soul Suspect,PS4,2014,Action,Square Enix,0.09,0.16,0.02,0.05,0.32,59,60,6.9,310,Airtight Games,M,69
Skylanders SWAP Force,Xbox One,2013,Platform,Activision,0.22,0.06,0,0.03,0.32,,,5.5,43,Vicarious Visions,E10+,55
Batman: Arkham Origins,WiiU,2013,Action,Warner Bros. Interactive Entertainment,0.19,0.09,0,0.03,0.31,68,5,7.4,127,Human Head Studios,T,74
Sonic Boom: Rise of Lyric,WiiU,2014,Action,Sega,0.19,0.09,0,0.03,0.31,32,28,3.6,587,Big Red Button Entertainment,E10+,36
Metro: Last Light,Xbox One,2014,Action,Deep Silver,0.15,0.13,0,0.03,0.31,,,,,,, 
Tropico 5,PS4,2015,Simulation,Kalypso Media,0.06,0.16,0.06,0.04,0.31,76,17,7.1,110,Haemimont,T,71
Skylanders: SuperChargers,PS4,2015,Action,Activision,0.17,0.08,0,0.05,0.31,81,51,3.3,29,Vicarious Visions,E10+,33
DmC: Devil May Cry,PS4,2015,Action,Capcom,0.12,0.13,0,0.05,0.31,,,,,,, 
Naruto Shippuden: Ultimate Ninja Storm 4,Xbox One,2016,Fighting,Namco Bandai Games,0.21,0.07,0,0.03,0.3,81,11,8.5,51,CyberConnect2,T,85
Batman: Arkham VR,PS4,2016,Action,Warner Bros. Interactive Entertainment,0.25,0,0,0.06,0.3,75,59,7.3,89,Rocksteady Studios,M,73
Dynasty Warriors 8: Xtreme Legends,PS4,2014,Action,Tecmo Koei,0.09,0.11,0.06,0.04,0.3,,,,,,, 
Lego Star Wars: The Force Awakens,Xbox One,2016,Action,Warner Bros. Interactive Entertainment,0.14,0.13,0,0.02,0.3,76,11,7,18,TT Games,E10+,70
Deadpool,PS4,2015,Action,Activision,0.14,0.11,0,0.05,0.29,60,11,5.7,68,High Moon Studios,M,57
UEFA Euro 2016,PS4,2016,Sports,Konami Digital Entertainment,0,0.22,0.04,0.04,0.29,72,7,6.6,8,Konami,E,66
Metal Gear Solid V: Ground Zeroes,Xbox One,2014,Action,Konami Digital Entertainment,0.15,0.11,0,0.02,0.29,76,13,5.4,348,Kojima Productions,M,54
Disgaea 5: Alliance of Vengeance,PS4,2015,Role-Playing,Nippon Ichi Software,0.11,0.08,0.06,0.04,0.29,80,43,8.1,173,Nippon Ichi Software,T,81
Assassin's Creed IV: Black Flag,WiiU,2013,Action,Ubisoft,0.17,0.09,0,0.03,0.29,86,5,7.7,207,Ubisoft,M,77
Dragon Quest Heroes II: Twin Kings and the Prophecy's End,PS4,2016,Action,Square Enix,0,0,0.28,0,0.28,,,,,,, 
Divinity: Original Sin,PS4,2015,Role-Playing,Focus Home Interactive,0.1,0.12,0.02,0.04,0.28,,,,,,, 
Payday 2,PS4,2015,Shooter,505 Games,0.1,0.14,0,0.05,0.28,,,,,,, 
NES Remix,WiiU,2014,Action,Nintendo,0.17,0,0.08,0.02,0.28,71,34,7.1,133,Indies Zero,E,71
Attack on Titan (KOEI),PS4,2016,Action,Tecmo Koei,0.04,0.11,0.11,0.03,0.28,,,,,,, 
Need for Speed: Most Wanted,WiiU,2013,Racing,Electronic Arts,0.13,0.12,0,0.02,0.27,,,,,,, 
Sing Party,WiiU,2012,Misc,Nintendo,0.13,0.12,0,0.02,0.27,60,21,5.4,18,FreeStyleGames,E10+,54
Sherlock Holmes: Crimes & Punishments,PS4,2014,Adventure,Focus Home Interactive,0.09,0.14,0,0.04,0.27,,,,,,, 
Rory McIlroy PGA Tour,Xbox One,2015,Action,Electronic Arts,0.16,0.09,0,0.02,0.27,60,26,4.3,77,EA Tiburon,E,43
LEGO The Hobbit,Xbox One,2014,Action,Warner Bros. Interactive Entertainment,0.13,0.12,0,0.02,0.27,69,20,6.8,36,TT Games,E10+,68
Mass Effect 3,WiiU,2012,Role-Playing,Electronic Arts,0.14,0.11,0,0.02,0.27,,,,,,, 
Batman: Return to Arkham,PS4,2016,Action,Warner Bros. Interactive Entertainment,0.07,0.16,0,0.04,0.26,73,28,8.5,79,"Rocksteady Studios, Virtuos",T,85
Tearaway Unfolded,PS4,2015,Platform,Sony Computer Entertainment,0.09,0.13,0,0.04,0.26,81,70,8.1,188,Media Molecule,E,81
J Stars Victory Vs.,PS4,2015,Fighting,Namco Bandai Games,0.08,0.14,0,0.04,0.26,,,,,,, 
WWE 2K17,Xbox One,2016,Sports,Take-Two Interactive,0.12,0.12,0,0.02,0.26,68,12,5.5,27,Yuke's,T,55
Project CARS,Xbox One,2015,Racing,Slightly Mad Studios,0.11,0.13,0,0.02,0.26,81,16,5.8,135,Slightly Mad Studios,E,58
Battleborn,PS4,2016,Shooter,Take-Two Interactive,0.12,0.08,0.02,0.04,0.26,68,55,6.8,402,Gearbox Software,T,68
Final Fantasy Type-0,Xbox One,2015,Role-Playing,Square Enix,0.16,0.07,0,0.02,0.25,,,,,,, 
PlayStation VR Worlds,PS4,2016,Misc,Sony Computer Entertainment,0.06,0.14,0.02,0.04,0.25,59,48,7.1,73,Sony Interactive Entertainment,M,71
Shin Megami Tensei x Fire Emblem,WiiU,2015,Role-Playing,Nintendo,0.12,0.05,0.06,0.02,0.25,,,,,,, 
The Walking Dead: Season Two,PS4,2014,Adventure,Telltale Games,0.1,0.09,0.01,0.04,0.25,,,,,,, 
Sword Art Online: Lost Song,PS4,2015,Role-Playing,Namco Bandai Games,0.1,0.11,0,0.04,0.25,63,32,6.3,60,"Bandai Namco Games, Artdink",T,63
F1 2015,Xbox One,2015,Racing,Codemasters,0.08,0.15,0,0.02,0.25,64,13,5.3,22,Codemasters,E,53
Trials Fusion,Xbox One,2014,Racing,Ubisoft,0.12,0.1,0,0.02,0.24,80,28,7.1,158,RedLynx,E10+,71
Onechanbara Z2: Chaos,PS4,2014,Action,Nippon Ichi Software,0.14,0.03,0.04,0.04,0.24,57,40,6.5,72,"Tamsoft, D3Publisher",M,65
Skylanders: SuperChargers,Xbox One,2015,Action,Activision,0.17,0.05,0,0.02,0.24,76,15,5.5,17,Vicarious Visions,E10+,55
Samurai Warriors 4,PS4,2014,Action,Tecmo Koei,0.08,0.07,0.06,0.03,0.24,76,31,8.1,74,Omega Force,T,81
NHL 17,Xbox One,2016,Sports,Electronic Arts,0.2,0.01,0,0.03,0.24,77,23,4,38,"EA Canada, EA Vancouver",E10+,40
Destiny: The Collection,PS4,2016,Shooter,Activision,0.05,0.15,0,0.04,0.24,,,8.1,9,Bungie,T,81
Zumba Fitness: World Party,Xbox One,2013,Misc,Majesco Entertainment,0.17,0.05,0,0.02,0.24,73,5,6.2,40,Zoe Mode,E,62
Rocket League,Xbox One,2016,Sports,505 Games,0.05,0.17,0,0.02,0.24,87,22,8.3,194,Psyonix,E,83
NBA Live 14,PS4,2013,Sports,Electronic Arts,0.15,0.05,0,0.04,0.24,43,25,2.7,175,EA Sports,E,27
LEGO Marvel's Avengers,WiiU,2016,Action,Warner Bros. Interactive Entertainment,0.12,0.1,0,0.02,0.24,69,4,6.8,15,TT Games,E10+,68
NBA Live 15,PS4,2014,Sports,Electronic Arts,0.16,0.04,0,0.04,0.23,59,24,5.6,86,EA Sports,E,56
Game & Wario,WiiU,2013,Misc,Nintendo,0.05,0.06,0.12,0.01,0.23,,,,,,, 
Epic Mickey 2: The Power of Two,WiiU,2012,Action,Disney Interactive Studios,0.13,0.07,0.01,0.02,0.23,57,14,5.6,46,Junction Point,E,56
Madden NFL 13,WiiU,2012,Sports,Electronic Arts,0.21,0,0,0.02,0.23,75,9,6.7,30,EA Tiburon,E,67
Transformers: Devastation,PS4,2015,Action,Activision,0.1,0.09,0,0.04,0.23,77,50,7.5,160,PlatinumGames,T,75
Tales of Berseria,PS4,2016,Role-Playing,Namco Bandai Games,0,0,0.23,0,0.23,,,,,Bandai Namco Games,T, 
Dark Souls II,Xbox One,2015,Role-Playing,Namco Bandai Games,0.14,0.07,0,0.02,0.23,,,,,,, 
LEGO The Hobbit,WiiU,2014,Action,Warner Bros. Interactive Entertainment,0.09,0.11,0,0.02,0.22,,,7.8,11,TT Games,E10+,78
Darksiders II,PS4,2015,Action,Nordic Games,0.09,0.1,0,0.04,0.22,,,,,,, 
Ride,PS4,2015,Racing,Milestone S.r.l.,0.04,0.13,0.03,0.03,0.22,66,30,7,47,Milestone S.r.l,E,70
Dishonored 2,Xbox One,2016,Action,Bethesda Softworks,0.12,0.08,0,0.02,0.22,88,22,6.8,156,Arkane Studios,M,68
Lords of the Fallen,Xbox One,2014,Role-Playing,Square Enix,0.1,0.1,0,0.02,0.22,71,13,6.7,166,"City Interactive, Deck 13",M,67
The Amazing Spider-Man 2 (2014),Xbox One,2014,Action,Activision,0.12,0.08,0,0.02,0.22,,,,,,, 
Angry Birds Star Wars,PS4,2013,Strategy,Activision,0.1,0.08,0,0.04,0.21,47,5,2,87,Exient Entertainment,E,20
Transformer: Rise of the Dark Spark,PS4,2014,Action,Activision,0.07,0.1,0.01,0.03,0.21,,,,,,, 
The Wolf Among Us,PS4,2014,Adventure,Telltale Games,0.1,0.07,0,0.04,0.21,83,6,8.4,259,Telltale Games,M,84
State of Decay,Xbox One,2015,Strategy,Microsoft Game Studios,0.14,0.05,0,0.02,0.21,,,,,,, 
NBA Live 15,Xbox One,2014,Sports,Electronic Arts,0.17,0.02,0,0.02,0.21,53,9,6.8,53,EA Sports,E,68
Tony Hawk's Pro Skater 5,PS4,2015,Sports,Activision,0.09,0.08,0,0.03,0.21,32,43,1.5,427,Robomodo,T,15
Assassin's Creed The Ezio Collection,PS4,2016,Action,Ubisoft,0.04,0.13,0,0.03,0.2,72,32,7.4,49,Ubisoft Montreal,M,74
Saints Row IV,Xbox One,2015,Action,Deep Silver,0.1,0.09,0,0.02,0.2,,,,,,, 
Valkyria Chronicles,PS4,2016,Role-Playing,Sega,0.07,0.05,0.05,0.03,0.2,,,,,,, 
Disney's Planes,WiiU,2013,Simulation,Disney Interactive Studios,0.14,0.04,0,0.02,0.2,51,10,5.3,9,Behaviour Interactive,E,53
Zombie Army Trilogy,PS4,2015,Shooter,Rebellion Developments,0.05,0.12,0,0.03,0.2,62,26,6.8,88,Rebellion,,68
The Heavy Rain and Beyond: Two Souls Collection,PS4,2016,Action,Sony Computer Entertainment,0,0.17,0,0.03,0.2,,,,,,, 
NBA Live 14,Xbox One,2013,Sports,Electronic Arts,0.16,0.02,0,0.02,0.2,36,14,3.1,88,EA Sports,E,31
Dragon Ball: Xenoverse 2,Xbox One,2016,Action,Namco Bandai Games,0.11,0.07,0,0.02,0.2,73,8,7.3,29,Dimps Corporation,T,73
Odin Sphere: Leifthrasir,PS4,2016,Role-Playing,Nippon Ichi Software,0.07,0.04,0.07,0.02,0.2,87,49,8.2,178,Vanillaware,T,82
Sleeping Dogs,Xbox One,2014,Action,Square Enix,0.1,0.09,0,0.02,0.2,,,,,,, 
Farming Simulator 2015,Xbox One,2015,Simulation,Koch Media,0.1,0.08,0,0.02,0.2,,,,,,, 
Bound By Flame,PS4,2014,Role-Playing,Focus Home Interactive,0.08,0.09,0,0.03,0.19,53,40,5.9,230,Spiders,M,59
Fighter Within,Xbox One,2013,Fighting,Ubisoft,0.11,0.07,0,0.02,0.19,23,39,3,211,Ubisoft,T,30
Guitar Hero Live,WiiU,2015,Misc,Activision,0.12,0.05,0,0.02,0.19,84,4,6.1,36,"Activision, FreeStyleGames",T,61
Dynasty Warriors 8: Empires,PS4,2014,Action,Tecmo Koei,0.06,0.07,0.03,0.03,0.19,63,30,7.5,42,Omega Force,T,75
Injustice: Gods Among Us,WiiU,2013,Fighting,Warner Bros. Interactive Entertainment,0.09,0.08,0,0.02,0.19,82,5,7.9,112,NetherRealm Studios,T,79
Resident Evil: Revelations,WiiU,2013,Action,Capcom,0.07,0.07,0.03,0.01,0.19,80,19,7.5,146,Capcom,M,75
Taiko no Tatsujin: Wii U Version!,WiiU,2013,Misc,Namco Bandai Games,0,0,0.19,0,0.19,,,,,,, 
Singstar: Ultimate Party,PS4,2014,Misc,Sony Computer Entertainment Europe,0,0.16,0,0.03,0.19,47,19,4.1,18,SCEE,,41
Dance Central: Spotlight,Xbox One,2014,Misc,Microsoft Game Studios,0.15,0.03,0,0,0.19,74,19,7,47,Harmonix Music Systems,T,70
Sword Art Online: Hollow Realization,PS4,2016,Role-Playing,Namco Bandai Games,0.06,0.02,0.1,0.02,0.19,69,32,7.7,52,Bandai Namco Games,T,77
Godzilla (2015),PS4,2014,Action,Namco Bandai Games,0.11,0.03,0.02,0.03,0.19,,,,,,, 
Shape Up,Xbox One,2014,Misc,Ubisoft,0.08,0.09,0,0.01,0.18,58,6,8.3,28,Ubisoft Montreal,E,83
Tekken Tag Tournament 2,WiiU,2012,Fighting,Namco Bandai Games,0.09,0.07,0.01,0.01,0.18,,,,,,, 
Ninja Gaiden 3,WiiU,2012,Action,Nintendo,0.14,0.03,0,0.02,0.18,,,,,,, 
Saint Seiya: Soldiers' Soul,PS4,2015,Fighting,Namco Bandai Games,0,0.12,0.04,0.02,0.18,59,30,7.8,45,Dimps Corporation,T,78
MotoGP 14 ,PS4,2014,Racing,Milestone S.r.l.,0.04,0.11,0,0.03,0.18,73,28,6.4,26,Milestone S.r.l,E,64
Skylanders Imaginators,WiiU,2016,Platform,Activision,0.09,0.08,0,0.02,0.18,76,4,tbd,,Toys for Bob,E10+, 
Payday 2,Xbox One,2015,Shooter,505 Games,0.09,0.07,0,0.02,0.18,,,,,,, 
Senran Kagura: Estival Versus,PS4,2015,Action,Marvelous Interactive,0.08,0,0.08,0.02,0.18,67,25,8,96,Marvelous Inc.,M,80
Back to the Future: The Game,PS4,2015,Adventure,Telltale Games,0.1,0.05,0,0.03,0.18,,,7.1,18,Telltale Games,T,71
NBA Live 16,PS4,2015,Sports,Electronic Arts,0.1,0.04,0,0.03,0.18,59,27,6.1,70,EA Sports,E,61
Project Spark,Xbox One,2014,Misc,Microsoft Game Studios,0.11,0.05,0,0.02,0.17,73,26,7,151,Microsoft Game Studios,E10+,70
Yakuza Zero: The Place of Oath,PS4,2015,Action,Sega,0,0,0.17,0,0.17,,,,,,, 
MotoGP 15,PS4,2015,Racing,Milestone S.r.l.,0,0.12,0.03,0.02,0.17,66,15,,,Milestone S.r.l,, 
Toukiden Kiwami,PS4,2015,Action,Tecmo Koei,0.05,0.07,0.02,0.02,0.17,74,35,7.6,74,Koei Tecmo Games,T,76
Jikkyou Powerful Pro Baseball 2016,PS4,2016,Sports,Konami Digital Entertainment,0,0,0.17,0,0.17,,,,,,, 
Deus Ex: Mankind Divided,Xbox One,2016,Role-Playing,Square Enix,0.09,0.06,0,0.01,0.17,83,18,7.2,175,Eidos Montreal,M,72
Bladestorm: Nightmare,PS4,2015,Action,Tecmo Koei,0.08,0.04,0.03,0.02,0.17,58,33,6.5,21,Omega Force,T,65
Mirror's Edge Catalyst,Xbox One,2016,Platform,Electronic Arts,0.09,0.06,0,0.01,0.16,72,46,4.4,266,EA DICE,T,44
Murdered: Soul Suspect,Xbox One,2014,Action,Square Enix,0.08,0.07,0,0.01,0.16,51,17,7,130,Airtight Games,M,70
Guilty Gear Xrd: Sign,PS4,2014,Fighting,Arc System Works,0.1,0,0.04,0.02,0.16,,,,,,, 
Angry Birds Star Wars,Xbox One,2013,Strategy,Activision,0.11,0.04,0,0.02,0.16,53,4,6.9,63,Exient Entertainment,E,69
Yakuza Kiwami,PS4,2016,Adventure,Sega,0,0,0.16,0,0.16,,,,,Ryu ga Gotoku Studios,, 
BioShock The Collection,Xbox One,2016,Shooter,Take-Two Interactive,0.08,0.06,0,0.01,0.16,84,16,8.3,79,2K Games,M,83
Putty Squad,PS4,2013,Platform,System 3,0.06,0.07,0,0.03,0.16,38,8,2.9,52,System 3,E10+,29
The Walking Dead: Season One,Xbox One,2014,Adventure,Telltale Games,0.08,0.06,0,0.01,0.16,,,,,,, 
Fantasia: Music Evolved,Xbox One,2014,Misc,Disney Interactive Studios,0.11,0.03,0,0.01,0.15,77,48,7.5,67,Harmonix Music Systems,E10+,75
Wolfenstein: The Old Blood,Xbox One,2015,Action,Bethesda Softworks,0.07,0.07,0,0.01,0.15,75,23,8,101,MachineGames,,80
Darksiders II,WiiU,2012,Action,THQ,0.07,0.07,0,0.01,0.15,85,36,8.2,153,Vigil Games,M,82
Warriors Orochi 3,PS4,2014,Action,Tecmo Koei,0.04,0.05,0.04,0.02,0.15,,,,,,, 
Dishonored,Xbox One,2015,Action,Bethesda Softworks,0.09,0.05,0,0.01,0.15,,,,,,, 
Battleborn,Xbox One,2016,Shooter,Take-Two Interactive,0.1,0.04,0,0.01,0.15,71,20,7.2,171,Gearbox Software,T,72
The King of Fighters XIV,PS4,2016,Fighting,Deep Silver,0.07,0.02,0.04,0.02,0.15,79,54,8.7,208,SNK Playmore,T,87
LEGO Harry Potter Collection,PS4,2016,Action,Warner Bros. Interactive Entertainment,0.01,0.11,0,0.02,0.15,73,16,8.1,7,Warner Bros. Interactive Entertainment,E10+,81
Yakuza: Ishin,PS4,2014,Action,Sega,0,0,0.15,0,0.15,,,,,,, 
Lego Star Wars: The Force Awakens,WiiU,2016,Action,Warner Bros. Interactive Entertainment,0.06,0.07,0.01,0.01,0.15,74,6,8,11,TT Games,E10+,80
ReCore,Xbox One,2016,Action,Microsoft Game Studios,0.08,0.05,0,0.01,0.15,63,75,6.6,445,"Armature Studio, comcept",T,66
BlazBlue: Chrono Phantasma Extend,PS4,2015,Action,PQube,0.07,0.03,0.02,0.02,0.14,80,10,7.7,31,Arc System Works,T,77
Skylanders Imaginators,PS4,2016,Platform,Activision,0.04,0.08,0,0.02,0.14,80,47,5.5,17,Toys for Bob,E10+,55
XCOM 2,PS4,2016,Strategy,Take-Two Interactive,0.04,0.08,0,0.02,0.14,88,28,8,116,Firaxis Games,T,80
Pro Evolution Soccer 2015,Xbox One,2014,Sports,Konami Digital Entertainment,0.03,0.1,0,0.01,0.14,79,9,7.3,65,Konami,E,73
The Walking Dead: Season Two,Xbox One,2014,Adventure,Telltale Games,0.08,0.05,0,0.01,0.14,,,,,,, 
Homefront: The Revolution,Xbox One,2016,Shooter,Deep Silver,0.06,0.07,0,0.01,0.14,49,12,4.1,106,Deep Silver Dambuster Studios,M,41
7 Days to Die,PS4,2016,Action,Telltale Games,0.04,0.08,0,0.02,0.14,45,16,5.9,140,The Fun Pimps Entertainment LLC,M,59
Transformers: Devastation,Xbox One,2015,Action,Activision,0.09,0.04,0,0.01,0.14,75,25,7.9,55,PlatinumGames,T,79
Dead Island Definitive Collection,PS4,2016,Action,Deep Silver,0.03,0.07,0.01,0.02,0.14,63,32,6.4,45,Techland,M,64
DmC: Devil May Cry,Xbox One,2015,Action,Capcom,0.08,0.04,0,0.01,0.14,,,,,,, 
Brothers: A Tale of Two Sons,PS4,2015,Adventure,505 Games,0.03,0.08,0,0.02,0.14,81,10,8.6,73,Starbreeze,T,86
Your Shape: Fitness Evolved 2013,WiiU,2012,Action,Ubisoft,0.06,0.07,0,0.01,0.13,76,8,6.3,16,Blue Byte,E10+,63
Life is Strange,Xbox One,2016,Adventure,Square Enix,0.09,0.03,0,0.01,0.13,85,4,8.7,123,DONTNOD Entertainment,M,87
Gravity Rush Remastered,PS4,2015,Action,Sony Computer Entertainment,0.02,0.05,0.04,0.01,0.13,80,62,8.2,153,Bluepoint Games,T,82
Hasbro Family Fun Pack,Xbox One,2015,Misc,Ubisoft,0.1,0.02,0,0.01,0.13,,,tbd,,Ubisoft,E10+, 
Transformers: Prime,WiiU,2012,Action,Activision,0.09,0.03,0,0.01,0.13,,,,,,, 
Final Fantasy XIV: Heavensward,PS4,2015,Action,Square Enix,0,0.06,0.06,0.01,0.13,86,20,7.6,225,Square Enix,T,76
Watch Dogs,WiiU,2014,Action,Ubisoft,0.07,0.05,0,0.01,0.13,62,15,6.4,162,Ubisoft Romania,M,64
Game Party: Champions,WiiU,2012,Action,Warner Bros. Interactive Entertainment,0.09,0.03,0,0.01,0.13,24,8,3.5,21,"Phosphor Games Studio, LLC",E,35
NBA 2K13,WiiU,2012,Sports,Take-Two Interactive,0.07,0.04,0,0.01,0.13,85,17,7,43,Visual Concepts,E,70
WipeOut 3 The Game,WiiU,2012,Action,Activision,0.11,0,0,0.01,0.13,,,,,,, 
Deadpool,Xbox One,2015,Action,Activision,0.09,0.03,0,0.01,0.12,,,5.7,23,High Moon Studios,M,57
DiRT Rally,Xbox One,2016,Racing,Codemasters,0.04,0.08,0,0.01,0.12,86,17,8,60,Codemasters,E,80
F1 2016 (Codemasters),Xbox One,2016,Racing,Codemasters,0.03,0.08,0,0.01,0.12,,,,,,, 
James Bond 007: Legends,WiiU,2012,Shooter,Activision,0.06,0.05,0,0.01,0.12,,,,,,, 
Don Bradman Cricket 14,PS4,2015,Sports,Tru Blu Entertainment,0.01,0.09,0,0.02,0.12,76,4,7.4,19,Big Ant Studios,E,74
Atelier Sophie: The Alchemist of the Mysterious Book,PS4,2015,Role-Playing,Tecmo Koei,0.03,0.02,0.06,0.01,0.12,75,32,8.1,47,Gust,,81
Sword Art Online: Hollow Fragment,PS4,2015,Role-Playing,Namco Bandai Games,0,0.1,0,0.02,0.12,,,,,,, 
Robinson: The Journey,PS4,2016,Action,Crytek,0.06,0.03,0,0.02,0.12,65,40,6.9,62,Crytek,,69
Destiny: The Collection,Xbox One,2016,Shooter,Activision,0.05,0.06,0,0.01,0.12,,,tbd,,Bungie,T, 
Farming Simulator 17,Xbox One,2016,Simulation,Focus Home Interactive,0.04,0.07,0,0.01,0.12,65,9,tbd,,Giants Software,E, 
Tony Hawk's Pro Skater 5,Xbox One,2015,Sports,Activision,0.09,0.02,0,0.01,0.12,39,18,2.1,132,Robomodo,T,21
Rodea the Sky Soldier,WiiU,2015,Action,Nippon Ichi Software,0.08,0.02,0.01,0.01,0.12,45,31,6.5,81,"Prope, Kadokawa",E10+,65
Akiba's Trip: Undead & Undressed,PS4,2014,Action,Acquire,0.08,0,0.01,0.02,0.12,,,,,,, 
Marvel Avengers: Battle for Earth,WiiU,2012,Action,Ubisoft,0.06,0.04,0,0.01,0.12,50,10,5,25,Ubisoft Quebec,T,50
Tom Clancy's Splinter Cell: Blacklist,WiiU,2013,Action,Ubisoft,0.04,0.07,0,0.01,0.12,75,5,7.8,148,Ubisoft Toronto,M,78
Samurai Warriors 4-II,PS4,2015,Action,Tecmo Koei,0.03,0.02,0.06,0.01,0.12,73,26,7.3,24,Omega Force,T,73
LEGO Batman 2: DC Super Heroes,WiiU,2013,Action,Warner Bros. Interactive Entertainment,0.04,0.06,0,0.01,0.12,77,7,7.3,31,TT Games,E10+,73
Rugby 15,PS4,2015,Sports,Bigben Interactive,0.04,0.06,0,0.02,0.11,19,5,3.4,65,HB Studios Multimedia,E,34
Taiko Drum Master: Tokumori!,WiiU,2014,Misc,Namco Bandai Games,0,0,0.11,0,0.11,,,,,,, 
The Walking Dead: Survival Instinct,WiiU,2013,Shooter,Activision,0.08,0.03,0,0.01,0.11,,,4.6,49,Terminal Reality,M,46
Fatal Frame: Maiden of Black Water,WiiU,2014,Action,Nintendo,0,0.03,0.08,0,0.11,67,58,7.6,226,Koei Tecmo Games,M,76
Transformer: Rise of the Dark Spark,Xbox One,2014,Action,Activision,0.07,0.03,0,0.01,0.11,,,,,,, 
Digimon Story: Cyber Sleuth,PS4,2016,Role-Playing,Namco Bandai Games,0,0.1,0,0.02,0.11,75,45,8.5,289,Media Vision,T,85
Wasteland 2,PS4,2015,Role-Playing,Deep Silver,0.08,0,0.02,0.02,0.11,,,,,,, 
Batman: Return to Arkham,Xbox One,2016,Action,Warner Bros. Interactive Entertainment,0.05,0.05,0,0.01,0.11,77,6,8.2,43,"Rocksteady Studios, Virtuos",T,82
RIGS: Mechanized Combat League,PS4,2016,Action,Sony Computer Entertainment,0.03,0.05,0.01,0.02,0.11,79,42,7.9,76,Guerilla Cambridge,T,79
NBA Live 16,Xbox One,2015,Sports,Electronic Arts,0.09,0.01,0,0.01,0.11,60,17,5.6,62,EA Sports,E,56
Deus Ex: Human Revolution,WiiU,2013,Shooter,Square Enix,0.05,0.05,0,0.01,0.11,,,,,,, 
Zombie Army Trilogy,Xbox One,2015,Shooter,Rebellion Developments,0.05,0.05,0,0.01,0.11,62,10,7.2,40,Rebellion,,72
God Eater 2: Rage Burst,PS4,2015,Role-Playing,Namco Bandai Games,0,0.01,0.09,0,0.11,69,35,8,79,Shift,T,80
Pro Evolution Soccer 2016,Xbox One,2015,Sports,Konami Digital Entertainment,0.04,0.06,0,0.01,0.11,85,14,6.2,144,Konami,E,62
Fate/Extella: The Umbral Star,PS4,2016,Action,PQube,0,0,0.11,0,0.11,,,,,Marvelous Inc.,T, 
Ride,Xbox One,2015,Racing,Milestone S.r.l.,0.04,0.05,0,0.01,0.1,54,9,5.3,17,Milestone S.r.l,E,53
Scribblenauts Unmasked: A DC Comics Adventure,WiiU,2013,Puzzle,Warner Bros. Interactive Entertainment,0.09,0,0,0.01,0.1,71,17,6.3,39,5TH Cell,E10+,63
Resident Evil: Revelations 2,Xbox One,2015,Action,Capcom,0.07,0.02,0,0.01,0.1,75,22,7.5,106,Capcom,M,75
Earth Defense Force 2025.1: The Shadow of New Despair,PS4,2015,Action,D3Publisher,0,0,0.1,0,0.1,,,,,,, 
Ultra Street Fighter IV,PS4,2015,Fighting,Capcom,0,0.08,0,0.01,0.1,71,28,5.9,94,Other Ocean Interactive,T,59
EVE: Valkyrie,PS4,2016,Shooter,CCP,0.03,0.05,0,0.02,0.1,73,26,6.3,37,CCP,T,63
The Crew: Wild Run,PS4,2015,Action,Ubisoft,0,0.08,0,0.01,0.1,73,13,6.8,50,Ivory Tower,T,68
Natural Doctrine,PS4,2014,Role-Playing,Nippon Ichi Software,0.05,0.02,0.02,0.01,0.1,53,31,6,79,Kadokawa,M,60
Angry Birds Star Wars,WiiU,2013,Strategy,Activision,0.05,0.04,0,0.01,0.1,,,6.8,17,Exient Entertainment,E,68
The Idolmaster: Platinum Stars,PS4,2016,Simulation,Namco Bandai Games,0,0,0.1,0,0.1,,,,,,, 
Shovel Knight,WiiU,2015,Platform,Yacht Club Games,0.05,0.04,0,0.01,0.1,88,24,8.3,280,Yacht Club Games,E,83
Gundam Breaker 3,PS4,2016,Action,Namco Bandai Games,0,0,0.1,0,0.1,,,,,,, 
Samurai Warriors 4: Empires,PS4,2015,Action,Tecmo Koei,0.02,0.01,0.06,0.01,0.1,71,29,6.5,15,Omega Force,T,65
Skylanders Imaginators,Xbox One,2016,Platform,Activision,0.05,0.04,0,0.01,0.1,78,14,6,8,Toys for Bob,E10+,60
The Voice,WiiU,2014,Action,Activision,0.08,0,0,0.01,0.1,,,,,,, 
Just Dance 2017,WiiU,2016,Misc,Ubisoft,0.03,0.06,0,0.01,0.09,,,tbd,,Ubisoft Paris,E10+, 
Super Robot Wars OG: The Moon Dwellers,PS4,2016,Misc,Namco Bandai Games,0,0,0.09,0,0.09,,,,,,, 
Devil May Cry 4,PS4,2015,Action,Capcom,0.01,0,0.08,0,0.09,,,,,,, 
Adventure Time: Finn & Jake Investigations,PS4,2015,Action,Little Orbit,0.03,0.05,0,0.02,0.09,,,,,,, 
Teenage Mutant Ninja Turtles: Mutants in Manhattan,PS4,2016,Action,Activision,0.05,0.02,0,0.02,0.09,44,49,5.5,163,PlatinumGames,T,55
MXGP 2,PS4,2016,Racing,Milestone S.r.l.,0.02,0.05,0,0.01,0.09,,,,,,, 
DriveClub VR,PS4,2016,Racing,Sony Computer Entertainment,0.03,0.05,0,0.01,0.09,67,34,7.4,110,Evolution Studios,E,74
Arslan: The Warriors of Legend,PS4,2015,Action,Tecmo Koei,0.03,0.01,0.04,0.01,0.09,69,43,6.6,23,Omega Force,T,66
The Amazing Spider-Man (Console Version),WiiU,2013,Action,Activision,0.05,0.03,0,0.01,0.09,,,,,,, 
Dead or Alive 5,Xbox One,2015,Fighting,Tecmo Koei,0.05,0.03,0.01,0.01,0.09,,,,,,, 
Batman: A Telltale Game Series,PS4,2016,Adventure,Telltale Games,0.03,0.05,0,0.01,0.09,,,,,,, 
Rugby 15,Xbox One,2015,Sports,Bigben Interactive,0.03,0.05,0,0.01,0.09,20,4,3.1,30,HB Studios Multimedia,E,31
The Witch and the Hundred Knight,PS4,2015,Role-Playing,Nippon Ichi Software,0.02,0.01,0.05,0.01,0.09,,,,,,, 
Just Dance Wii U,WiiU,2014,Misc,Nintendo,0,0,0.09,0,0.09,,,,,,, 
Assassin's Creed Chronicles,PS4,2016,Action,Ubisoft,0.01,0.05,0.01,0.01,0.09,,,6.1,12,Climax Studios,T,61
The Smurfs 2,WiiU,2013,Platform,Ubisoft,0.04,0.03,0,0.01,0.09,42,5,5.6,21,WayForward,E,56
Lara Croft and the Temple of Osiris,PS4,2014,Action,Square Enix,0,0.07,0,0.01,0.09,74,40,6.7,128,Nixxes Software,T,67
Toukiden 2,PS4,2016,Action,Tecmo Koei,0,0,0.08,0,0.08,,,,,Koei Tecmo Games,, 
SD Gundam G Generation Genesis,PS4,2016,Strategy,Namco Bandai Games,0,0,0.08,0,0.08,,,,,,, 
BlazBlue Central Fiction,PS4,2016,Fighting,PQube,0.04,0,0.03,0.01,0.08,85,21,7.6,39,Arc System Works,T,76
How to Train Your Dragon 2,WiiU,2014,Adventure,Little Orbit,0.03,0.05,0,0.01,0.08,47,4,4.9,7,Torus Games,E10+,49
The Golf Club,PS4,2014,Sports,Unknown,0.05,0.02,0,0.01,0.08,66,11,6.3,67,HB Studios Multimedia,E,63
God Eater Resurrection,PS4,2015,Action,Namco Bandai Games,0,0,0.08,0,0.08,70,18,7.8,44,"Shift, Bandai Namco Games",T,78
Shovel Knight,PS4,2015,Platform,Yacht Club Games,0.03,0.03,0,0.01,0.08,90,18,7.6,312,Yacht Club Games,E,76
Guilty Gear Xrd -Revelator-,PS4,2016,Fighting,PQube,0.03,0,0.05,0.01,0.08,,,,,,, 
Mega Man Legacy Collection,PS4,2016,Platform,Capcom,0.07,0,0,0.02,0.08,77,22,6.1,55,Digital Eclipse,E,61
Warriors Orochi 3 Hyper,WiiU,2012,Action,Tecmo Koei,0.04,0.02,0.02,0.01,0.08,64,18,7.4,31,Omega Force,T,74
Pro Cycling Manager 2016,PS4,2016,Sports,Focus Home Interactive,0,0.07,0,0.01,0.08,,,,,,, 
Sherlock Holmes: Crimes & Punishments,Xbox One,2014,Adventure,Focus Home Interactive,0.03,0.04,0,0.01,0.08,,,,,,, 
Resident Evil 6,PS4,2016,Shooter,Capcom,0.06,0,0,0.01,0.08,60,19,6.7,94,Capcom,M,67
Song of the Deep,PS4,2016,Action,Insomniac Games,0.06,0,0,0.01,0.08,69,41,7.3,30,Insomniac Games,E,73
Dragon's Dogma Online,PS4,2015,Role-Playing,Capcom,0,0,0.08,0,0.08,,,,,,, 
Resident Evil Zero,Xbox One,2016,Action,Capcom,0.05,0.02,0,0.01,0.08,,,,,,, 
Assassin's Creed The Ezio Collection,Xbox One,2016,Action,Ubisoft,0.03,0.04,0,0.01,0.08,74,13,7.6,24,Ubisoft Montreal,M,76
Just Dance: Disney Party 2,WiiU,2015,Action,Ubisoft,0.06,0.01,0,0.01,0.08,,,tbd,,Ubisoft,E, 
Valentino Rossi: The Game,PS4,2016,Racing,Namco Bandai Games,0.01,0.05,0,0.01,0.08,75,19,8,50,"Milestone, Milestone S.r.l",E,80
Yoru no Nai Kuni,PS4,2015,Role-Playing,Tecmo Koei,0,0,0.08,0,0.08,,,,,,, 
The Wolf Among Us,Xbox One,2014,Adventure,Telltale Games,0.05,0.02,0,0.01,0.08,,,8.5,82,Telltale Games,M,85
Romance of the Three Kingdoms 13,PS4,2015,Action,Tecmo Koei,0.02,0,0.05,0.01,0.08,,,,,,, 
Grand Ages: Medieval,PS4,2015,Strategy,Kalypso Media,0,0.05,0.02,0.01,0.07,64,10,7.1,12,Gaming Minds Studios,T,71
Killer Instinct (2013),Xbox One,2013,Fighting,Microsoft Game Studios,0.04,0.03,0,0.01,0.07,,,,,,, 
Divinity: Original Sin,Xbox One,2015,Role-Playing,Focus Home Interactive,0.04,0.03,0,0.01,0.07,,,,,,, 
Toy Soldiers: War Chest,PS4,2015,Action,Ubisoft,0.06,0,0,0.01,0.07,62,19,7.7,61,Krome Studios,,77
Fairy Fencer F: Advent Dark Force,PS4,2015,Role-Playing,Idea Factory International,0.02,0,0.05,0,0.07,71,21,6.2,34,Compile Heart,T,62
Just Dance: Disney Party 2,Xbox One,2015,Action,Ubisoft,0.05,0.01,0,0.01,0.07,,,tbd,,Ubisoft,E, 
Grand Kingdom,PS4,2015,Role-Playing,Nippon Ichi Software,0.03,0,0.03,0.01,0.07,78,33,8.1,63,Spike Chunsoft,T,81
Dynasty Warriors 8: Empires,Xbox One,2014,Action,Tecmo Koei,0.04,0.02,0,0.01,0.07,58,10,6.8,15,Koei Tecmo Games,T,68
Tank! Tank! Tank!,WiiU,2012,Action,Namco Bandai Games,0.02,0.01,0.05,0,0.07,,,,,,, 
Eagle Flight,PS4,2016,Adventure,Ubisoft,0.01,0.05,0,0.01,0.07,72,31,7.8,22,"Ubisoft, FunHouse",E10+,78
Legend of Kay,PS4,2015,Action,Nordic Games,0.02,0.03,0,0.01,0.07,,,,,,, 
The Book of Unwritten Tales 2,PS4,2015,Adventure,Nordic Games,0,0.06,0,0.01,0.07,63,9,8.6,7,KING Art,,86
Terraria,PS4,2014,Action,505 Games,0,0.05,0.01,0.01,0.07,83,4,7.9,47,Engine Software,T,79
BlazBlue: Chrono Phantasma Extend,Xbox One,2015,Action,PQube,0.05,0.01,0,0.01,0.07,,,6.3,4,Arc System Works,T,63
Pac-Man and the Ghostly Adventures 2,WiiU,2014,Adventure,Namco Bandai Games,0.04,0.02,0,0.01,0.07,,,7,9,Vicious Cycle,E10+,70
Broken Sword 5: The Serpent's Curse,PS4,2015,Adventure,Revolution Software,0,0.06,0,0.01,0.07,72,14,7.2,23,Revolution Software,T,72
Taiko no Tatsujin: Atsumete Tomodachi Daisakusen!,WiiU,2015,Misc,Namco Bandai Games,0,0,0.06,0,0.06,,,,,,, 
One Piece: Unlimited World Red,WiiU,2014,Action,Namco Bandai Games,0,0.04,0.02,0,0.06,66,11,7.8,43,Ganbarion,T,78
Darksiders II,Xbox One,2015,Action,Nordic Games,0.04,0.02,0,0.01,0.06,,,,,,, 
Assetto Corsa,PS4,2016,Racing,505 Games,0,0.05,0,0.01,0.06,73,35,6.2,70,Kunos Simulazioni,E,62
One Piece: Burning Blood,Xbox One,2016,Fighting,Namco Bandai Games,0.03,0.02,0,0.01,0.06,60,10,5.8,12,Spike Chunsoft,T,58
TrackMania Turbo,Xbox One,2016,Action,Ubisoft,0.02,0.04,0,0,0.06,76,12,7.7,27,Nadeo,E,77
Nights of Azure,PS4,2015,Action,Tecmo Koei,0.03,0.02,0,0.01,0.06,67,40,7.6,71,Gust,T,76
DuckTales: Remastered,WiiU,2013,Action,Capcom,0.06,0,0,0.01,0.06,76,10,7.9,100,WayForward,E,79
Risen 3: Titan Lords,PS4,2015,Role-Playing,Deep Silver,0,0.05,0,0.01,0.06,,,,,,, 
Transformer: Rise of the Dark Spark,WiiU,2014,Action,Activision,0.04,0.01,0,0.01,0.06,,,,,,, 
Earth Defense Force 4.1: The Shadow of New Despair,PS4,2015,Shooter,Xseed Games,0.03,0.02,0,0.01,0.06,64,40,7.9,51,Sandlot,M,79
The Technomancer,PS4,2016,Role-Playing,Focus Home Interactive,0.02,0.04,0,0.01,0.06,60,38,6.7,116,Spiders,M,67
Attack on Titan (KOEI),Xbox One,2016,Action,Tecmo Koei,0.02,0.03,0,0,0.06,,,,,,, 
Project Setsuna,PS4,2016,Role-Playing,Square Enix,0,0,0.06,0,0.06,,,,,,, 
Song of the Deep,Xbox One,2016,Action,Insomniac Games,0.05,0,0,0.01,0.06,66,12,6.9,20,Insomniac Games,E,69
Devil's Third,WiiU,2015,Action,Nintendo,0.04,0.02,0,0.01,0.06,43,54,6.5,283,Valhalla Game Studios,M,65
MXGP 2,Xbox One,2016,Racing,Milestone S.r.l.,0.03,0.02,0,0.01,0.06,,,,,,, 
Utawarerumono: Itsuwari no Kamen,PS4,2015,Adventure,Aqua Plus,0,0,0.06,0,0.06,,,,,,, 
Toy Soldiers: War Chest,Xbox One,2015,Action,Ubisoft,0.05,0,0,0.01,0.06,60,14,8.4,50,Krome Studios,,84
Kamen Rider: Battride War Genesis,PS4,2016,Action,Namco Bandai Games,0,0,0.06,0,0.06,,,,,,, 
The Amazing Spider-Man 2 (2014),WiiU,2014,Action,Activision,0.03,0.02,0,0,0.06,,,,,,, 
MX vs. ATV Supercross Encore,PS4,2015,Sports,Nordic Games,0,0.05,0,0.01,0.06,42,8,4.1,9,Rainbow Studios,E,41
Rugby World Cup 2015,PS4,2015,Sports,Ubisoft,0,0.05,0,0.01,0.06,25,6,1.9,39,HB Studios Multimedia,E,19
ZombiU,PS4,2016,Action,Ubisoft,0,0.04,0.01,0.01,0.06,,,,,,, 
Handball 16,PS4,2015,Sports,Bigben Interactive,0,0.05,0,0.01,0.06,,,3,4,EKO Software,E,30
Nobunaga no Yabou: Souzou,PS4,2014,Strategy,Tecmo Koei,0,0,0.06,0,0.06,,,,,,, 
Nobunaga's Ambition: Sphere of Influence - Sengoku Risshiden,PS4,2016,Misc,Tecmo Koei,0.01,0,0.05,0,0.06,,,,,,, 
7 Days to Die,Xbox One,2016,Action,Telltale Games,0.03,0.02,0,0,0.05,35,17,5.2,74,The Fun Pimps Entertainment LLC,M,52
Ghostbusters (2016),PS4,2016,Action,Activision,0.04,0,0,0.01,0.05,,,,,,, 
Adventure Time: Finn & Jake Investigations,Xbox One,2015,Action,Little Orbit,0.03,0.02,0,0,0.05,,,,,,, 
Mighty No. 9,PS4,2016,Platform,Deep Silver,0.04,0,0,0.01,0.05,52,64,3.5,282,Inti Creates,E10+,35
Dead or Alive Xtreme 3: Fortune,PS4,2016,Sports,Tecmo Koei,0,0,0.05,0,0.05,43,9,7.8,110,Team Ninja,,78
Arcania: Gothic 4,PS4,2015,Role-Playing,Nordic Games,0.04,0,0,0.01,0.05,,,,,,, 
Dead Island Definitive Collection,Xbox One,2016,Action,Deep Silver,0.02,0.03,0,0,0.05,67,10,4.9,18,Techland,M,49
PAC-MAN and the Ghostly Adventures,WiiU,2013,Platform,Namco Bandai Games,0.03,0.01,0,0,0.05,58,9,6.5,16,"Namco Bandai Games, Monkey Bar Games",E10+,65
WRC 5: FIA World Rally Championship,PS4,2015,Sports,Bigben Interactive,0,0.05,0,0.01,0.05,,,,,,, 
Killing Floor 2 ,PS4,2016,Shooter,Tripwire Interactive,0.03,0.01,0,0.01,0.05,76,39,8,57,Tripwire Interactive,M,80
Adventure Time: Finn & Jake Investigations,WiiU,2015,Action,Little Orbit,0.03,0.02,0,0,0.05,,,,,,, 
Bladestorm: Nightmare,Xbox One,2015,Action,Tecmo Koei,0.03,0.02,0,0,0.05,48,6,7.1,8,Omega Force,T,71
Wasteland 2,Xbox One,2015,Role-Playing,Deep Silver,0.04,0.01,0,0.01,0.05,77,13,7.1,56,InXile Entertainment,M,71
Game of Thrones (Telltale),PS4,2015,Adventure,Telltale Games,0.04,0,0,0.01,0.05,,,,,,, 
Legend of Kay,WiiU,2015,Action,Nordic Games,0.03,0.02,0,0,0.05,,,,,,, 
Utawarerumono: Futari no Hakuoro,PS4,2016,Misc,Aqua Plus,0,0,0.05,0,0.05,,,,,,, 
R.B.I. Baseball 2016,Xbox One,2016,Sports,MLB.com,0.05,0,0,0.01,0.05,,,,,,, 
SpongeBob SquarePants: Plankton's Robotic Revenge,WiiU,2013,Shooter,Activision,0,0.05,0,0,0.05,,,6.2,18,Behaviour Interactive,E10+,62
Steins;Gate 0,PS4,2015,Adventure,PQube,0,0,0.05,0,0.05,81,17,8.3,29,5pb,M,83
Sengoku Basara 4: Sumeragi,PS4,2015,Action,Capcom,0,0,0.05,0,0.05,,,,,,, 
Sword Art Online: Game Director's Edition,PS4,2015,Role-Playing,Namco Bandai Games,0,0,0.05,0,0.05,,,,,,, 
Ghostbusters (2016),Xbox One,2016,Action,Activision,0.04,0,0,0.01,0.05,,,,,,, 
Hatsune Miku: Project Diva X,PS4,2016,Misc,Sega,0.02,0,0.02,0,0.05,78,22,7.4,41,Sega,T,74
Resident Evil 4 HD,PS4,2016,Shooter,Capcom,0.04,0,0,0.01,0.05,,,,,,, 
Saints Row: Gat out of Hell,PS4,2015,Action,Deep Silver,0,0.04,0,0.01,0.05,64,45,5.7,98,Volition Inc.,M,57
NASCAR Heat Evolution,PS4,2016,Racing,Dusenberry Martin Racing,0.04,0,0,0.01,0.05,66,8,3.8,18,Dusenberry Martin Racing,E,38
Child of Light,PS4,2014,Role-Playing,Ubisoft,0,0.01,0.04,0,0.05,82,46,8,451,Ubisoft Montreal,E10+,80
Pro Evolution Soccer 2017,Xbox One,2016,Sports,Konami Digital Entertainment,0.01,0.03,0,0,0.05,87,12,6.1,84,Konami,E,61
XCOM 2,Xbox One,2016,Strategy,Take-Two Interactive,0.02,0.02,0,0,0.05,87,17,8.1,40,Firaxis Games,T,81
Ride 2,PS4,2016,Racing,Milestone S.r.l,0,0.04,0,0.01,0.05,71,19,8,12,Milestone S.r.l,E,80
Resident Evil 6,Xbox One,2016,Shooter,Capcom,0.04,0,0,0,0.05,63,12,6.3,34,Capcom,M,63
Hitman (2016),PS4,2016,Action,Square Enix,0,0.04,0,0.01,0.05,,,,,,, 
Sbastien Loeb Rally Evo,PS4,2016,Racing,Milestone S.r.l,0,0.04,0,0.01,0.04,71,28,8.1,73,Milestone S.r.l,E,81
Battlezone,PS4,2016,Action,Rebellion Developments,0.02,0.02,0,0.01,0.04,66,39,7,31,Rebellion,T,70
Teenage Mutant Ninja Turtles: Mutants in Manhattan,Xbox One,2016,Action,Activision,0.03,0.01,0,0,0.04,55,14,6,38,PlatinumGames,T,60
Nobunaga's Ambition: Sphere of Influence,PS4,2014,Strategy,Tecmo Koei,0.03,0,0,0.01,0.04,80,20,8.1,46,Koei Tecmo Games,T,81
Brothers: A Tale of Two Sons,Xbox One,2015,Adventure,505 Games,0.03,0.01,0,0,0.04,81,6,8.9,26,Starbreeze,T,89
Nitroplus Blasterz: Heroines Infinite Duel,PS4,2015,Fighting,Marvelous Interactive,0.01,0,0.02,0,0.04,70,33,6.9,28,"Examu, Marvelous Inc.",T,69
Rugby Challenge 3,PS4,2016,Sports,Alternative Software,0,0.04,0,0.01,0.04,64,4,6.8,12,Wicked Witch Software,E,68
Psycho-Pass: Mandatory Happiness,PS4,2016,Adventure,Nippon Ichi Software,0.03,0,0,0.01,0.04,72,26,8.3,19,5pb,T,83
Terraria,Xbox One,2014,Action,505 Games,0,0.04,0,0,0.04,84,5,7.7,29,Engine Software,T,77
Dead Rising,PS4,2016,Action,Capcom,0.02,0,0.01,0.01,0.04,78,6,6.6,30,Capcom,M,66
Hyperdimension Neptunia Victory II,PS4,2015,Role-Playing,Idea Factory International,0,0,0.04,0,0.04,,,,,,, 
Berserk and the Band of the Hawk,PS4,2016,Action,Tecmo Koei,0,0,0.04,0,0.04,,,,,Omega Force,, 
Metal Gear Solid V: The Definitive Experience,PS4,2016,Action,Konami Digital Entertainment,0.01,0.02,0.01,0,0.04,,,7.8,11,Kojima Productions,M,78
Don Bradman Cricket 14,Xbox One,2015,Sports,Tru Blu Entertainment,0,0.04,0,0,0.04,,,,,,, 
Warriors Orochi 3,Xbox One,2014,Action,Tecmo Koei,0.01,0.03,0,0,0.04,,,,,,, 
NASCAR Heat Evolution,Xbox One,2016,Racing,Dusenberry Martin Racing,0.03,0,0,0,0.04,,,1.6,10,Dusenberry Martin Racing,E,16
Exist Archive: The Other Side of the Sky,PS4,2015,Role-Playing,Aksys Games,0.01,0,0.03,0,0.04,69,13,7.9,16,Tri-Ace,T,79
Assassin's Creed Chronicles: China,PS4,2015,Action,Ubisoft,0,0.03,0,0.01,0.04,69,44,6.4,83,"Climax Group, Climax Studios",T,64
Phantasy Star Online 2 Episode 4: Deluxe Package,PS4,2017,Role-Playing,Sega,0,0,0.04,0,0.04,,,,,,, 
Just Dance 2017,Xbox One,2016,Misc,Ubisoft,0.03,0,0,0,0.04,75,5,8,6,Ubisoft Paris,E10+,80
Warhammer: The End Times - Vermintide,PS4,2016,Action,Games Workshop,0.01,0.02,0,0.01,0.04,,,,,,, 
Adventure Time: Explore the Dungeon Because I Don't Know!,WiiU,2013,Action,D3Publisher,0.02,0.01,0,0,0.04,,,,,,, 
Sengoku Basara: Sanada Yukimura-Den,PS4,2016,Action,Capcom,0,0,0.03,0,0.03,,,,,,, 
Infamous: First Light,PS4,2014,Action,Sony Computer Entertainment,0,0.03,0,0,0.03,73,70,7.5,580,Sucker Punch,T,75
Tour de France 2014,PS4,2014,Sports,Focus Home Interactive,0,0.03,0,0,0.03,53,9,5.1,22,Cyanide,E,51
Duke Nukem 3D: 20th Anniversary World Tour,PS4,2016,Shooter,Gearbox Software,0.03,0,0,0.01,0.03,77,15,6.9,15,Gearbox Software,M,69
Atelier Firis: The Alchemist of the Mysterious Journey,PS4,2016,Role-Playing,Tecmo Koei,0,0,0.03,0,0.03,,,,,,, 
Penguins of Madagascar,WiiU,2014,Action,Namco Bandai Games,0.01,0.02,0,0,0.03,,,5.2,6,Little Orbit,E,52
JoJo's Bizarre Adventure: Eyes of Heaven,PS4,2015,Fighting,Namco Bandai Games,0,0,0.03,0,0.03,61,35,7.4,44,CyberConnect2,T,74
YoKai Watch Dance: Just Dance Special Version,WiiU,2015,Misc,Level 5,0,0,0.03,0,0.03,,,,,,, 
Just Dance 2017,PS4,2016,Misc,Ubisoft,0.02,0,0,0.01,0.03,73,12,tbd,,Ubisoft Paris,E10+, 
Let's Sing 2016,PS4,2015,Action,FuRyu Corporation,0.03,0,0,0.01,0.03,,,tbd,,Voxler,T, 
Trine 2,WiiU,2012,Platform,Atlus,0,0.03,0,0,0.03,,,,,,, 
Game of Thrones (Telltale),Xbox One,2015,Adventure,Telltale Games,0.03,0,0,0,0.03,,,,,,, 
Summon Night 6: Lost Borders,PS4,2016,Action,Namco Bandai Games,0,0,0.03,0,0.03,,,,,Media Vision,, 
Tokyo Xanadu eX+,PS4,2016,Role-Playing,Nihon Falcom Corporation,0,0,0.03,0,0.03,,,,,,, 
Prison Architect,PS4,2016,Action,Introversion Software,0.01,0.01,0,0.01,0.03,80,18,8,19,"Introversion, Double Eleven",M,80
MotoGP 15,Xbox One,2015,Racing,Milestone S.r.l.,0,0.03,0,0,0.03,65,9,,,Milestone S.r.l,, 
The Golf Club,Xbox One,2014,Sports,Unknown,0.03,0,0,0,0.03,64,15,5.4,59,HB Studios Multimedia,E,54
Worms: WMD,PS4,2016,Action,Sold Out,0.01,0.02,0,0,0.03,78,23,7.6,19,Team 17,E10+,76
Gotouchi Tetsudou: Gotouchi Chara to Nihon Zenkoku no Tabi,WiiU,2014,Misc,Namco Bandai Games,0,0,0.03,0,0.03,,,,,,, 
Rabbids Land,WiiU,2012,Misc,Ubisoft,0.01,0.01,0,0,0.03,52,26,5.2,29,Ubisoft Paris,E10+,52
Terraria,WiiU,2016,Action,505 Games,0,0.03,0,0,0.03,,,6.9,7,"Engine Software, Re-Logic",T,69
Valentino Rossi: The Game,Xbox One,2016,Racing,Namco Bandai Games,0.01,0.02,0,0,0.03,74,5,8.1,7,Milestone S.r.l,E,81
Batman: A Telltale Game Series,Xbox One,2016,Adventure,Telltale Games,0.02,0.01,0,0,0.03,,,4.3,7,Telltale Games,M,43
Samurai Warriors: Sanada Maru,PS4,2016,Action,Tecmo Koei,0,0,0.03,0,0.03,,,,,Omega Force,, 
Mighty No. 9,WiiU,2016,Platform,Deep Silver,0.02,0.01,0,0,0.03,48,9,4.6,78,Inti Creates,E10+,46
The Talos Principle,PS4,2015,Puzzle,Devolver Digital,0,0.02,0,0,0.03,88,31,8.4,124,Croteam,E10+,84
The Croods: Prehistoric Party!,WiiU,2013,Misc,D3Publisher,0.01,0.01,0,0,0.03,,,,,,, 
Loading Human,PS4,2016,Adventure,FuRyu Corporation,0.01,0.01,0,0,0.03,,,,,,, 
Dead Rising 2,PS4,2016,Action,Capcom,0.01,0,0.01,0,0.03,82,4,6.6,8,Blue Castle Games,M,66
MX vs. ATV Supercross Encore,Xbox One,2015,Sports,Nordic Games,0.02,0,0,0,0.03,45,4,tbd,,Rainbow Studios,, 
The Technomancer,Xbox One,2016,Role-Playing,Focus Home Interactive,0.01,0.01,0,0,0.03,68,12,7.4,55,Spiders,M,74
Resident Evil 5 HD,PS4,2016,Action,Capcom,0.02,0,0,0.01,0.03,,,,,,, 
God Eater Off Shot: Lindow-hen Twin Pack & Animation Vol. 2,PS4,2015,Misc,Namco Bandai Games,0,0,0.03,0,0.03,,,,,,, 
The Peanuts Movie: Snoopy's Grand Adventure,PS4,2015,Action,Activision,0,0.02,0,0,0.03,59,4,6.6,19,"Activision, Behaviour Interactive",E,66
Aegis of Earth: Protonovus Assault,PS4,2016,Action,PQube,0.02,0,0,0,0.03,57,11,7.8,9,Acquire,T,78
Agatha Christie's The ABC Murders,PS4,2016,Adventure,Microids,0.01,0.01,0,0,0.03,67,17,6.2,12,Microids,T,62
Atari Flashback Classics: Volume 1,PS4,2016,Misc,Atari,0.02,0,0,0,0.03,,,tbd,,"Atari, Atari SA",E, 
Legend of Kay Anniversary,PS4,2015,Action,Nordic Games,0,0.02,0,0,0.03,62,22,6.4,11,"Neon Studios, Kaiko",E10+,64
Duke Nukem 3D: 20th Anniversary World Tour,Xbox One,2016,Shooter,Gearbox Software,0.02,0,0,0,0.03,70,4,tbd,,Gearbox Software,M, 
Blade Arcus from Shining EX,PS4,2015,Fighting,Sega,0,0,0.02,0,0.02,,,,,,, 
Assault Suit Leynos,PS4,2016,Shooter,Rising Star Games,0.02,0,0,0,0.02,67,8,tbd,,Dracue,E10+, 
Turbo: Super Stunt Squad,WiiU,2013,Sports,D3Publisher,0,0.02,0,0,0.02,,,3.9,8,Monkey Bar Games,E,39
Disney Planes Fire & Rescue,WiiU,2014,Action,Disney Interactive Studios,0.01,0.01,0,0,0.02,,,,,,, 
Omega Quintet,PS4,2014,Role-Playing,Compile Heart,0,0,0.02,0,0.02,58,22,7.1,81,Compile Heart,T,71
Atari Flashback Classics: Volume 2,PS4,2016,Misc,Atari,0.02,0,0,0,0.02,,,tbd,,"Atari, Atari SA",E, 
Rugby League Live 3,PS4,2015,Action,Tru Blu Entertainment,0,0.02,0,0,0.02,,,7.6,7,Big Ant Studios,E,76
Here They Lie,PS4,2016,Adventure,Sony Computer Entertainment,0,0.02,0,0,0.02,62,31,6.5,36,The Tangentlemen,M,65
Resident Evil: Umbrella Corps,PS4,2016,Action,Capcom,0,0,0.02,0,0.02,,,,,,, 
Anima - Gate of Memories,PS4,2016,Action,Avanquest,0,0.02,0,0,0.02,52,13,7.9,34,"Edge Entertainment, Anima Project",T,79
Dino Dini's Kick Off Revival,PS4,2016,Sports,Avanquest,0,0.02,0,0,0.02,31,22,4.5,66,"The Digital Lounge, Dino Dini",,45
Monster High 13 Wishes,WiiU,2013,Action,Little Orbit,0.02,0,0,0,0.02,,,5.5,8,Game Machine Studios,E,55
Rugby World Cup 2015,Xbox One,2015,Sports,Ubisoft,0,0.02,0,0,0.02,,,4.3,7,HB Studios Multimedia,E,43
Black Rose Valkyrie,PS4,2016,Role-Playing,Idea Factory,0,0,0.02,0,0.02,,,,,,, 
Touhou Genso Rondo: Bullet Ballet,PS4,2016,Shooter,Nippon Ichi Software,0.02,0,0,0,0.02,55,19,4.7,34,"Mediascape, CUBETYPE",E10+,47
Atari Flashback Classics: Volume 1,Xbox One,2016,Misc,Atari,0.02,0,0,0,0.02,,,tbd,,"Atari, Atari SA",E, 
Sniper Elite V2,WiiU,2013,Shooter,505 Games,0,0.02,0,0,0.02,58,5,5.8,30,Rebellion,M,58
Paragon,PS4,2016,Action,Epic Games,0.02,0,0,0,0.02,,,6.1,96,Epic Games,,61
Atari Flashback Classics: Volume 2,Xbox One,2016,Misc,Atari,0.02,0,0,0,0.02,,,tbd,,"Atari, Atari SA",E, 
Carmageddon: Max Damage,Xbox One,2016,Action,Stainless Games,0.01,0.01,0,0,0.02,52,15,7.1,12,Stainless Games,M,71
Resident Evil 4 HD,Xbox One,2016,Shooter,Capcom,0.02,0,0,0,0.02,,,,,,, 
Arslan: The Warriors of Legend,Xbox One,2016,Action,Tecmo Koei,0.01,0,0,0,0.02,,,5.8,12,Omega Force,T,58
Darksiders: Warmastered Edition,PS4,2016,Action,Nordic Games,0.02,0,0,0,0.02,79,9,8.5,15,Nordic Games Publishing,M,85
Fist of the North Star: Ken's Rage 2,WiiU,2013,Fighting,Tecmo Koei,0,0,0.02,0,0.02,40,4,5.8,18,Koei,M,58
Natsuiro High School: Seishun Hakusho,PS4,2015,Action,D3Publisher,0,0,0.02,0,0.02,,,,,,, 
Resident Evil 5 HD,Xbox One,2016,Action,Capcom,0.02,0,0,0,0.02,,,,,,, 
Mighty No. 9,Xbox One,2016,Platform,Deep Silver,0.02,0,0,0,0.02,55,13,4.2,94,Inti Creates,E10+,42
Winning Post 8 2016,PS4,2016,Simulation,Tecmo Koei,0,0,0.02,0,0.02,,,,,,, 
Kamen Rider: Battride War II,WiiU,2014,Action,Namco Bandai Games,0,0,0.02,0,0.02,,,,,,, 
The Crew: Wild Run,Xbox One,2015,Action,Ubisoft,0,0.02,0,0,0.02,65,5,6.6,21,Ivory Tower,T,66
Prototype: Biohazard Bundle,PS4,2016,Action,Activision,0.01,0,0,0,0.02,48,4,2,53,Radical Entertainment,M,20
Back to the Future: The Game,Xbox One,2015,Adventure,Telltale Games,0,0.02,0,0,0.02,,,7.3,7,Telltale Games,T,73
Rabbids Invasion: The Interactive TV Show,PS4,2014,Misc,Ubisoft,0,0.01,0,0,0.02,,,,,,, 
This War of Mine,PS4,2016,Action,Deep Silver,0,0.01,0,0,0.02,,,,,,, 
Koihime Enbu,PS4,2016,Fighting,Yeti,0,0,0.02,0,0.02,,,,,,, 
Dynasty Warriors: Eiketsuden,PS4,2016,Action,Tecmo Koei,0,0,0.02,0,0.02,,,,,,, 
Mark McMorris Infinite Air,PS4,2016,Sports,FuRyu Corporation,0.01,0,0,0,0.02,49,15,6,29,HB Studios Multimedia,T,60
Cabela's Big Game Hunter: Pro Hunts,WiiU,2014,Shooter,Activision,0.02,0,0,0,0.02,,,tbd,,Cauldron Ltd.,T, 
Broken Sword 5: The Serpent's Curse,Xbox One,2015,Adventure,Revolution Software,0,0.02,0,0,0.02,77,12,7.2,11,Revolution Software,T,72
Rocksmith 2014 Edition Remastered,PS4,2016,Misc,Ubisoft,0.01,0,0,0,0.02,,,7.8,5,Ubisoft,T,78
Puyo Puyo Tetris,WiiU,2014,Puzzle,Sega,0,0,0.02,0,0.02,,,,,,, 
Professional Farmer 2016,PS4,2015,Action,Namco Bandai Games,0,0.01,0,0,0.02,,,,,,, 
Dragon's Dogma Online: Season 2,PS4,2016,Action,Capcom,0,0,0.02,0,0.02,,,,,,, 
Romance of the Three Kingdoms XII,WiiU,2012,Strategy,Tecmo Koei,0,0,0.02,0,0.02,,,,,,, 
God Eater Off Shot: Soma Shikkuzaru-hen Twin Pack & Animation Vol.4,PS4,2016,Action,Namco Bandai Games,0,0,0.02,0,0.02,,,,,,, 
God Eater Off Shot:Shiou-hen Twin Pack & Animation Vol.5,PS4,2016,Misc,Namco Bandai Games,0,0,0.02,0,0.02,,,,,,, 
Dead Rising 2,Xbox One,2016,Action,Capcom,0.01,0,0,0,0.02,,,tbd,,Blue Castle Games,M, 
Mark McMorris Infinite Air,Xbox One,2016,Sports,FuRyu Corporation,0.01,0,0,0,0.02,,,7.1,18,HB Studios Multimedia,T,71
Pac-Man Championship Edition 2 + Arcade Game Series,Xbox One,2016,Action,Namco Bandai Games,0.01,0,0,0,0.02,,,,,,, 
Assetto Corsa,Xbox One,2016,Racing,505 Games,0,0.01,0,0,0.02,63,9,6.7,27,Kunos Simulazioni,E,67
King's Quest: The Complete Collection,PS4,2016,Adventure,Activision,0.01,0,0,0,0.02,,,tbd,,The Odd Gentlemen,E10+, 
Republique,PS4,2016,Action,Nippon Ichi Software,0,0.01,0.01,0,0.01,72,35,5.8,29,"Camouflaj, LLC",M,58
WRC 5: FIA World Rally Championship,Xbox One,2015,Sports,Bigben Interactive,0,0.01,0,0,0.01,,,,,,, 
Super Stardust Ultra VR,PS4,2016,Shooter,Sony Computer Entertainment,0,0.01,0,0,0.01,66,13,6.2,13,Sony Interactive Entertainment,E10+,62
Dead Rising,Xbox One,2016,Action,Capcom,0.01,0,0,0,0.01,,,8.8,12,Capcom,M,88
Raven's Cry,PS4,2015,Role-Playing,TopWare Interactive,0,0.01,0,0,0.01,,,,,,, 
Psycho-Pass,Xbox One,2014,Adventure,5pb,0,0,0.01,0,0.01,,,,,,, 
Rocksmith 2014 Edition Remastered,Xbox One,2016,Misc,Ubisoft,0.01,0,0,0,0.01,,,tbd,,Ubisoft,T, 
Darksiders: Warmastered Edition,Xbox One,2016,Action,Nordic Games,0.01,0,0,0,0.01,80,13,7.9,14,Nordic Games Publishing,M,79
Worms: WMD,Xbox One,2016,Action,Sold Out,0.01,0,0,0,0.01,75,24,8.1,7,Team 17,E10+,81
The Book of Unwritten Tales 2,WiiU,2016,Adventure,Nordic Games,0,0.01,0,0,0.01,,,tbd,,KING Art,T, 
Barbie and Her Sisters Puppy Rescue,WiiU,2015,Action,Namco Bandai Games,0,0.01,0,0,0.01,,,2.8,11,"Torus Games, Little Orbit",E,28
Prototype: Biohazard Bundle,Xbox One,2016,Action,Activision,0.01,0,0,0,0.01,56,4,3.1,14,Radical Entertainment,M,31
Agatha Christie's The ABC Murders,Xbox One,2016,Adventure,Microids,0.01,0,0,0,0.01,66,7,7.5,8,Microids,,75
Crows: Burning Edge,PS4,2016,Action,Namco Bandai Games,0,0,0.01,0,0.01,,,,,,, 
Dragon Quest X: All in One Package,WiiU,2015,Role-Playing,Square Enix,0,0,0.01,0,0.01,,,,,,, 
Goat Simulator,Xbox One,2016,Simulation,Koch Media,0,0.01,0,0,0.01,53,15,6.3,63,Coffee Stain Studios,T,63
Chaos;Child,PS4,2015,Adventure,5pb,0,0,0.01,0,0.01,,,,,,, 
Legend of Kay Anniversary,WiiU,2015,Action,Nordic Games,0,0.01,0,0,0.01,67,9,7.1,35,"Neon Studios, Kaiko",E10+,71
Mario vs. Donkey Kong: Tipping Stars,WiiU,2015,Puzzle,Nintendo,0,0,0.01,0,0.01,70,26,7.4,72,"Nintendo, Nintendo Software Technology",E,74
R.B.I. Baseball 2016,PS4,2016,Sports,MLB.com,0.01,0,0,0,0.01,,,,,,, 
Super Dungeon Bros,PS4,2016,Action,Nordic Games,0.01,0,0,0,0.01,42,9,2.3,7,React Games,E10+,23
God Eater Off Shot: Tachibana Sakuya-hen Twin Pack & Animation Vol.7,PS4,2016,Action,Namco Bandai Games,0,0,0.01,0,0.01,,,,,,, 
Sherlock Holmes: The Devil's Daughter,PS4,2016,Adventure,Bigben Interactive,0.01,0,0,0,0.01,70,27,6.8,64,Frogwares,T,68
Root Letter,PS4,2016,Adventure,PQube,0,0,0.01,0,0.01,69,13,7.5,11,Kadokawa,,75
Shin Hayarigami 2,PS4,2016,Adventure,Nippon Ichi Software,0,0,0.01,0,0.01,,,,,,, 
Ride 2,Xbox One,2016,Racing,Milestone S.r.l,0,0.01,0,0,0.01,,,8.2,6,Milestone S.r.l,E,82
Art Academy: Home Studio,WiiU,2015,Misc,Nintendo,0,0,0.01,0,0.01,82,9,8.3,20,Headstrong Games,E,83
Dungeons 2,PS4,2016,Role-Playing,Kalypso Media,0.01,0,0,0,0.01,61,9,7.9,14,Kalypso,T,79
Carmageddon: Max Damage,PS4,2016,Action,Stainless Games,0.01,0,0,0,0.01,51,28,5.5,39,Stainless Games,M,55
Rugby League Live 3,Xbox One,2015,Action,Tru Blu Entertainment,0,0.01,0,0,0.01,,,7.1,10,Big Ant Studios,E,71
Assassin's Creed Chronicles,Xbox One,2016,Action,Ubisoft,0,0.01,0,0,0.01,,,6.8,8,Climax Studios,T,68
Farming 2017 - The Simulation,PS4,2016,Simulation,UIG Entertainment,0,0.01,0,0,0.01,,,,,,, 
Hitman (2016),Xbox One,2016,Action,Square Enix,0,0.01,0,0,0.01,,,,,,, 
Rabbids Invasion: The Interactive TV Show,Xbox One,2014,Misc,Ubisoft,0,0.01,0,0,0.01,,,,,,, 
Saints Row: Gat out of Hell,Xbox One,2015,Action,Deep Silver,0,0.01,0,0,0.01,65,16,6,27,Volition Inc.,M,60
Sbastien Loeb Rally Evo,Xbox One,2016,Racing,Milestone S.r.l,0,0.01,0,0,0.01,63,8,8.2,22,Milestone S.r.l,E,82
Rugby Challenge 3,Xbox One,2016,Sports,Alternative Software,0,0.01,0,0,0.01,,,6.6,5,Wicked Witch Software,E,66
ZombiU,Xbox One,2016,Action,Ubisoft,0,0.01,0,0,0.01,,,,,,, 
Fast Racing Neo ,WiiU,2016,Action,Nintendo,0,0.01,0,0,0.01,81,46,8.5,151,Shin'en,E,85
Prison Architect,Xbox One,2016,Action,Introversion Software,0.01,0,0,0,0.01,74,13,6.7,7,"Introversion, Double Eleven",,67
Metal Gear Solid V: The Definitive Experience,Xbox One,2016,Action,Konami Digital Entertainment,0.01,0,0,0,0.01,,,tbd,,Kojima Productions,M, 
